sites,study_id,year,reference,doi_link,spatial_rank,temporal_resolution_rank,temporal_bredth_rank,biodiversity_metrics,method,taxa,continent,country,treatment,season,forest_type,forest_type_iucn_new,elevation,canopy_height,latitude,longitude,study_start_date,study_end_date,link
1,Abreu_2014,2014,"Abreu, M. S., & OLIVEIRA, L. R. (2014). Patterns of arboreal and terrestrial space use by non-volant small mammals in an Araucaria forest of southern Brazil. Anais da Academia Brasileira de Ciências, 86(2), 807-819.",10.1590/0001-3765201420130063,2,3,4,"Richness, Abundance - 3 categories of height",Traps,Small mammals,Americas,Brazil,Unlogged,Sampling combined,Araucaria Forest,moist_montane_forest,750,30,-29.485556,-50.207222,1/1/2011,12/1/2011,Abreu_2014 _ 1
1,Acharya_2017,2017,"Acharya, B. K., & Vijayan, L. (2017). Vertical stratification of birds in different vegetation types along an elevation gradient in the Eastern Himalaya, India. Ornithological Science, 16(2), 131-140.",https://doi.org/10.2326/osj.16.131,5,4,5,"Richness, Abundance, Similarity - 7 categories of height",Human observation,Birds,Asia and Oceania,India,Unlogged,Sampling combined,Tropical semi-deciduous,dry_forest,600,30,27.234167,88.401111,2003,2006,Acharya_2017 _ 1
2,Acharya_2017,2017,"Acharya, B. K., & Vijayan, L. (2017). Vertical stratification of birds in different vegetation types along an elevation gradient in the Eastern Himalaya, India. Ornithological Science, 16(2), 131-140.",https://doi.org/10.2326/osj.16.131,5,4,5,"Richness, Abundance, Similarity - 7 categories of height",Human observation,Birds,Asia and Oceania,India,Unlogged,Sampling combined,Tropical moist and broadleaf,moist_montane_forest,1350,30,27.550278,88.634722,2003,2006,Acharya_2017 _ 2
3,Acharya_2017,2017,"Acharya, B. K., & Vijayan, L. (2017). Vertical stratification of birds in different vegetation types along an elevation gradient in the Eastern Himalaya, India. Ornithological Science, 16(2), 131-140.",https://doi.org/10.2326/osj.16.131,5,4,5,"Richness, Abundance, Similarity - 7 categories of height",Human observation,Birds,Asia and Oceania,India,Unlogged,Sampling combined,Temperate broadleaf,moist_montane_forest,2250,30,27.618611,88.700556,2003,2006,Acharya_2017 _ 3
4,Acharya_2017,2017,"Acharya, B. K., & Vijayan, L. (2017). Vertical stratification of birds in different vegetation types along an elevation gradient in the Eastern Himalaya, India. Ornithological Science, 16(2), 131-140.",https://doi.org/10.2326/osj.16.131,5,4,5,"Richness, Abundance, Similarity - 7 categories of height",Human observation,Birds,Asia and Oceania,India,Unlogged,Sampling combined,Temperate coniferous,moist_montane_forest,3250,30,27.768889,88.701389,2003,2006,Acharya_2017 _ 4
1,Altamirano_1989,1989,"Altamirano, M. A., & Morales, J. E. (1998). Distribución vertical de la avifauna en un bosque templado de Zinacatán, Chiapas, México. Acta Zoológica Mexicana (nueva serie), (75), 125-142.",NA,2,2,4,Richness - 9 categories of height,Mist nets + Human observation,Birds,Americas,Mexico,Unlogged,Sampling combined,Pine forest,moist_montane_forest,2350,45,16.72,-92.700833,2/1/1993,12/15/1993,Altamirano_1989 _ 1
1,Basham_2019,2019,"Basham, E. W., Seidl, C. M., Andriamahohatra, L. R., Oliveira, B. F., & Scheffers, B. R. (2019). Distance–decay differs among vertical strata in a tropical rainforest. Journal of Animal Ecology, 88(1), 114-124.",10.1111/1365-2656.12902,2,4,2,"Richness, abundance - 3 categories of height",Human observation,Amphibians,Africa,Madagascar,Unlogged,Wet,Rainforest,moist_montane_forest,1050,30,-21.283333,47.416667,11/1/2015,1/20/2016,Basham_2019 _ 1
1,Basham_2020,2020,"Basham, E. W., & Scheffers, B. R. (2020). Vertical stratification collapses under seasonal shifts in climate. Journal of Biogeography.",10.1111/jbi.13857,2,4,2,"Richness, abundance (supp) - continuous gradient",Human observation,Amphibians,Americas,Panama,Unlogged,Wet,Moist forest,moist_lowland_forest,400,33,9.358555,-79.7029,6/1/2017,9/1/2018,Basham_2020 _ 1
2,Basham_2020,2020,"Basham, E. W., & Scheffers, B. R. (2020). Vertical stratification collapses under seasonal shifts in climate. Journal of Biogeography.",10.1111/jbi.13857,2,4,2,"Richness, abundance (supp) - continuous gradient",Human observation,Amphibians,Americas,Panama,Unlogged,Dry,Moist forest,moist_lowland_forest,400,33,9.358555,-79.7029,6/1/2017,9/1/2018,Basham_2020 _ 2
1,Bell_1982,1982,"Bell, H. L. (1982). A bird community of New Guinean lowland rainforest. 3 Vertical distribution of the avifauna. Emu-Austral Ornithology, 82(3), 143-162.",NA,2,4,5,"Abundance (Density) - continous gradient, Abundance, Richness - 5 categories of height",Human observation,Birds,Asia and Oceania,Papua New Guinea,Unlogged,Sampling combined,Lowland rainforest,moist_lowland_forest,250,40,-9.159416,147.235403,12/1/1975,12/1/1977,Bell_1982 _ 1
1,Bernard_2001,2001,"Bernard, E. (2001). Vertical stratification of bat communities in primary forests of Central Amazon, Brazil. Journal of Tropical Ecology, 17(01), 115-126.",10.1017/S0266467401001079,4,3,4,"Abundance (per net hour), Richness (estimated - taken from sampaio) - 2 categories of height",Mist nets,Bats,Americas,Brazil,Unlogged,Sampling combined,Lowland rainforest,moist_lowland_forest,80,40,-2.407222,-59.727778,8/1/1996,8/1/1997,Bernard_2001 _ 1
1,Brosset_1996,1996,"Brosset, A., Charles-Dominique, P., Cockle, A., Cosson, J. F., & Masson, D. (1996). Bat communities and deforestation in French Guiana. Canadian Journal of Zoology, 74(11), 1974-1982.",NA,2,2,5,Abundance (Table 2),Mist nets,Bats,Americas,French Guiana,Unlogged,Sampling combined,Lowland rainforest,moist_lowland_forest,30,30,5.342922,-53.038439,Unknown,Unknown,Brosset_1996 _ 1
2,Brosset_1996,1996,"Brosset, A., Charles-Dominique, P., Cockle, A., Cosson, J. F., & Masson, D. (1996). Bat communities and deforestation in French Guiana. Canadian Journal of Zoology, 74(11), 1974-1982.",NA,2,2,5,Abundance (Table 2),Mist nets,Bats,Americas,French Guiana,Unlogged,Sampling combined,Lowland rainforest,moist_lowland_forest,100,30,4.137033,-52.942917,Unknown,Unknown,Brosset_1996 _ 2
1,Chmel_2016,2016,"Chmel, K., Riegert, J., Paul, L., & Novotný, V. (2016). Vertical stratification of an avian community in New Guinean tropical rainforest. Population Ecology, 58(4), 535-547.",doi:10.1007/s10144-016-0561-2,2,2,3,"Abundance, Richness - 6 categories of height",Mist nets,Birds,Asia and Oceania,Papua New Guinea,Unlogged,Sampling combined,Lowland rainforest,moist_lowland_forest,120,35,-5.113611,145.038611,6/1/2013,11/1/2013,Chmel_2016 _ 1
3,Derlindati_2005,2005,"Derlindati, E. J., & Caziani, S. M. (2005). Using canopy and understory mist nets and point counts to study bird assemblages in Chaco forests. The Wilson Journal of Ornithology, 117(1), 92-99.",10.1676/03-063,2,2,4,"Abundance (captures/detections per), Richness (and estimated) - 2 categories of height",Mist nets,Birds,Americas,Argentina,Unlogged,Dry,Semi-deciduousforest,dry_forest,160,12,-25.916667,-62.083333,12/1/1998,9/25/2000,Derlindati_2005 _ 3
4,Derlindati_2005,2005,"Derlindati, E. J., & Caziani, S. M. (2005). Using canopy and understory mist nets and point counts to study bird assemblages in Chaco forests. The Wilson Journal of Ornithology, 117(1), 92-99.",10.1676/03-063,2,2,4,"Abundance (captures/detections per), Richness (and estimated) - 2 categories of height",Human observation,Birds,Americas,Argentina,Unlogged,Dry,Semi-deciduousforest,dry_forest,160,12,-25.916667,-62.083333,12/1/1998,9/25/2000,Derlindati_2005 _ 4
1,Duya_2017,2017,"Duya, M. R., Fidelino, J., & Ong, P. (2017). Spatial heterogeneity of fruit bats in a primary tropical lowland evergreen rainforest in northeastern Luzon, Philippines. Acta Chiropterologica, 19(2), 305-318.",https://doi.org/10.3161/15081109ACC2017.19.2.007,2,4,4,"Abundance, Richness - 2 categories of height",Mist nets,Bats,Asia and Oceania,Philippines,Unlogged,Wet,Lowland rainforest,moist_lowland_forest,100,20,17.037222,122.389444,6/1/2013,7/10/2014,Duya_2017 _ 1
1,Gregorin_2017,2017,"Gregorin, R., Bernard, E., Lobao, K. W., Oliveira, L. F., Machado, F. S., Gil, B. B., & da Cunha Tavares, V. (2017). Vertical stratification in bat assemblages of the Atlantic Forest of south-eastern Brazil. Journal of Tropical Ecology, 33(5), 299-308.",10.1017/S026646741700027X,2,2,3,"Richness, Abundance (2 categories of height)",Mist nets,Bats,Americas,Brazil,Unlogged and secondary,Sampling combined,Semideciduous subtropical forest,dry_forest,400,25,-19.805,-42.641667,4/1/2012,9/15/2013,Gregorin_2017 _ 1
1,Grelle_2003,2003,"Grelle, C. E. V. (2003). Forest structure and vertical stratification of small mammals in a secondary Atlantic forest, southeastern Brazil. Studies on Neotropical Fauna and Environment, 38(2), 81-85.",10.1076/snfe.38.2.81.15926,2,2,3,"Richness, Abundance - 3 categories of height",Traps,Small mammals,Americas,Brazil,Old regrowth,Sampling combined,Semideciduous subtropical forest,dry_forest,400,25,-19.716667,-42.533333,3/1/1994,10/15/1994,Grelle_2003 _ 1
1,Hannibal_2010,2010,"Hannibal, W., & Caceres, N. C. (2010). Use of vertical space by small mammals in gallery forest and woodland savannah in south-western Brazil. Mammalia, 74(3), 247-255.",10.1515/MAMM.2010.007,2,2,5,"Richness, Abundance - 3 categories of height",Traps,Small mammals,Americas,Brazil,Unlogged,Sampling combined,Gallery forest,dry_forest,300,15,-20.458333,-55.541667,8/1/2006,6/15/2007,Hannibal_2010 _ 1
2,Hannibal_2010,2010,"Hannibal, W., & Caceres, N. C. (2010). Use of vertical space by small mammals in gallery forest and woodland savannah in south-western Brazil. Mammalia, 74(3), 247-255.",10.1515/MAMM.2010.007,2,2,5,"Richness, Abundance - 3 categories of height",Traps,Small mammals,Americas,Brazil,Unlogged,Sampling combined,Woodland Savannah,dry_forest,300,10,-20.541667,-55.291667,8/1/2006,6/15/2007,Hannibal_2010 _ 2
1,Henry_2004,2004,"Henry, M., Barrière, P., Gautier-Hion, A., & Colyn, M. (2004). Species composition, abundance and vertical stratification of a bat community (Megachiroptera: Pteropodidae) in a West African rain forest. Journal of Tropical Ecology, 20(01), 21-29.",10.1017/S0266467404006145,2,3,3,"Abundance, Richness (2 or 5 categories of height..)",Mist nets,Bats,Africa,Ivory Coast,Unlogged,Sampling combined,Tropical rainforest,moist_lowland_forest,200,35,5.746713,-7.098746,1995,1996,Henry_2004 _ 1
2,Jayson_2003,2003,"Jayson, E. A., & Mathew, D. N. (2003). Vertical stratification and its relation to foliage in tropical forest birds in Western Ghats (India). Acta Chiropterologica, 38(2), 111-116.",http://dx.doi.org/10.3161/068.038.0207,2,2,5,"Abundance, richness, diversity (7 categories of height)",Human observation,Birds,Asia and Oceania,India,Unlogged,Sampling combined,Moist deciduous forest,moist_montane_forest,700,35,11.216667,76.583333,1988,1993,Jayson_2003 _ 2
1,Jayson_2003,2003,"Jayson, E. A., & Mathew, D. N. (2003). Vertical stratification and its relation to foliage in tropical forest birds in Western Ghats (India). Acta Chiropterologica, 38(2), 111-116.",http://dx.doi.org/10.3161/068.038.0207,2,2,5,"Abundance, richness, diversity (7 categories of height)",Human observation,Birds,Asia and Oceania,India,Unlogged,Sampling combined,Tropical evergreen forest,moist_montane_forest,1000,35,11.05,76.416667,1988,1993,Jayson_2003 _ 1
1,Kalko_2001,2001,"Kalko, E. K., & Handley, C. O. (2001). Neotropical bats in the canopy: diversity, community structure, and implications for conservation. Plant ecology, 153(1-2), 319-333.",NA,4,3,4,"Richness, abundance (2 categories of height)",Mist nets,Bats,Americas,Brazil,Unlogged,Wet,Lowland rainforest,moist_lowland_forest,50,35,-1.42398,-48.241233,1968,1969,Kalko_2001 _ 1
1,Karr_1971,1971,"Karr, J. R. (1971). Structure of avian communities in selected Panama and Illinois habitats. Ecological Monographs, 41(3), 207-233.",NA,2,2,4,Richness - 4 categories of height,Mist nets + Human observation,Birds,Americas,Panama,Unlogged,Sampling combined,Tropical rainforest,moist_lowland_forest,100,35,9.159722,-79.743333,7/1/1968,7/30/1969,Karr_1971 _ 1
1,Kuznetsov_2008,2008,"Kuznetsov, G. V., & Filatova, T. N. (2008). On the structure of rodent communities in tropical forests of southern Vietnam. Biology Bulletin, 35(5), 515-523.",10.1134/S1062359008050130,2,2,4,"Abundance (Figure 4), Richness (2/3 - combine) - 2 categories of height",Traps,Small mammals,Asia and Oceania,Vietnam,Unlogged,Wet,Tropical rainforest,moist_lowland_forest,200,25,11.439917,107.415222,12/1/2005,4/1/2007,Kuznetsov_2008 _ 1
1,Lambert_2005,2005,"Lambert, T. D., Malcolm, J. R., & Zimmerman, B. L. (2005). Variation in small mammal species richness by trap height and trap type in southeastern Amazonia. Journal of Mammalogy, 86(5), 982-990.",http://dx.doi.org/10.1644/1545-1542(2005)86[982:VISMSR]2.0.CO;2,3,3,5,"Abundance, Richness - 3 categories of height",Traps,Small mammals,Americas,Brazil,Unlogged,Sampling combined,Tropical rainforest,moist_lowland_forest,300,20,-7.770556,-51.961944,6/1/2002,3/1/2003,Lambert_2005 _ 1
1,Latta_1998,1998,"Latta, S. C., & Wunderle Jr, J. M. (1998). The Assemblage of Birds Foraging in Native West Indian Pine (Pinus occidentalis) Forests of the Dominican Republic during the Nonbreeding Season 1. Biotropica, 30(4), 645-656.",10.1111/j.1744-7429.1998.tb00104.x,4,2,2,"Richness, possibly abundance - Currently in continuous gradient",Human observation,Birds,Americas,Dominican Republic,Unlogged,Sampling combined,Pine forest,moist_montane_forest,800,20,19.069661,-70.844673,10/1/1993,4/1/1995,Latta_1998 _ 1
1,Lentijo_2005,2005,"Lentijo, G. M., & Kattan, G. H. (2005). Estratificación vertical de las aves en una plantación mono específica y en bosque nativo en la cordillera central de Colombia. Ornitología Colombiana, 3, 51-61.",NA,2,2,3,"Abundance (easy - Figure 3 - 5 strata), Richness (appendix - continuous)",Human observation,Birds,Americas,Colombia,Unlogged,Sampling combined,Humid forest,moist_montane_forest,1950,33,4.733333,-75.583333,11/1/2001,4/1/2002,Lentijo_2005 _ 1
1,Lim_2001,2001,"Lim, B. K., & Engstrom, M. D. (2001). Bat community structure at Iwokrama forest, Guyana. Journal of Tropical Ecology, 647-665.",10.1017/s0266467401001481,2,3,3,Richness (appendix data recorded as % found in understorey vs canopy),Mist nets,Bats,Americas,Guyana,Unlogged,Dry,Lowland rainforest,moist_lowland_forest,100,30,4.5,-59.25,3/9/1997,11/21/1997,Lim_2001 _ 1
1,MacSwiney_2008,2008,"MacSwiney G, M. C., Clarke, F. M., & Racey, P. A. (2008). What you see is not what you get: the role of ultrasonic detectors in increasing inventory completeness in Neotropical bat assemblages. Journal of applied Ecology, 45(5), 1364-1371.",https://doi.org/10.1111/j.1365-2664.2008.01531.x,5,3,5,"Richness, abundance - 2 categories of height",Mist nets + Audio devices,Bats,Americas,Mexico,Unlogged,Sampling combined,Rainforest,moist_lowland_forest,50,30,21.1,-87.166667,2003,2005,MacSwiney_2008 _ 1
1,Malcolm_1991,1991,"Malcolm, J. R. (1991). Comparative abundances of Neotropical small mammals by trap height. Journal of Mammalogy, 72(1), 188-192.",NA,5,3,5,"Richness, abundance (either 2 or 3 heights depending on the data taken from different trap methods)",Traps,Small mammals,Americas,Brazil,Unlogged,Sampling combined,Lowland rainforest,moist_lowland_forest,100,35,-2.650665,-61.565232,11/1/1983,11/1/1985,Malcolm_1991 _ 1
1,Malcolm_2000,2000,"Malcolm, J. R., & Ray, J. C. (2000). Influence of timber extraction routes on central African small‐mammal communities, forest structure, and tree diversity. Conservation Biology, 14(6), 1623-1638.",NA,5,4,2,"Abundance, Richness (needs taking from Table 3)- 3 categories of height",Traps,Small mammals,Africa,Central African Republic,Unlogged,Dry,Lowland rainforest,moist_lowland_forest,400,33,2.95,16.266667,11/1/1993,4/1/1994,Malcolm_2000 _ 1
1,Marques_2015,2015,"Marques, J. T., Ramos Pereira, M. J., & Palmeirim, J. M. (2015). Patterns in the use of rainforest vertical space by Neotropical aerial insectivorous bats: all the action is up in the canopy. Ecography.",10.1111/ecog.01453,5,5,2,"Richness, Abdunance - 3 categories of height",Audio devices,Bats,Americas,Brazil,Unlogged,Dry,Lowland rainforest,moist_lowland_forest,40,35,-2.616667,-64.616667,10/1/2007,12/15/2007,Marques_2015 _ 1
1,McClearn_1994,1994,"McClearn, D., Kohler, J., McGowan, K. J., Cedeno, E., Carbone, L. G., & Miller, D. (1994). Arboreal and terrestrial mammal trapping on Gigante Peninsula, Barro Colorado nature monument, Panama. Biotropica, 26(2), 208-213.",NA,3,4,4,"Richness, abundance - 3 categories of height",Traps,Small mammals,Americas,Panama,Old regrowth,Dry,Lowland rainforest,moist_lowland_forest,50,25,9.114715,-79.84212,1/12/1991,2/27/1991,McClearn_1994 _ 1
2,Orians_1969,1969,"Orians, G. H. (1969). The number of bird species in some tropical forests. Ecology, 50(5), 783-801.",NA,2,3,2,Richness - 5 categories of height,Human observation,Birds,Americas,Costa Rica,Unlogged,Dry,Lowland rainforest,moist_lowland_forest,100,40,9.958051,-85.336822,3/1/1968,6/1/1968,Orians_1969 _ 2
1,Orians_1969,1969,"Orians, G. H. (1969). The number of bird species in some tropical forests. Ecology, 50(5), 783-801.",NA,2,3,2,Richness - 5 categories of height,Human observation,Birds,Americas,Costa Rica,Unlogged,Wet,Lowland rainforest,moist_lowland_forest,100,35,10.423657,-84.01766,3/1/1968,6/1/1968,Orians_1969 _ 1
4,Orians_1969,1969,"Orians, G. H. (1969). The number of bird species in some tropical forests. Ecology, 50(5), 783-801.",NA,2,3,2,Richness - 5 categories of height,Human observation,Birds,Americas,Costa Rica,Unlogged,Wet,Tropical moist forest,moist_lowland_forest,100,35,9.99928,-84.800297,3/1/1968,6/1/1968,Orians_1969 _ 4
5,Orians_1969,1969,"Orians, G. H. (1969). The number of bird species in some tropical forests. Ecology, 50(5), 783-801.",NA,2,3,2,Richness - 5 categories of height,Human observation,Birds,Americas,Costa Rica,Unlogged,Wet,Tropical dry forest,dry_forest,100,30,10.687892,-85.508578,3/1/1968,6/1/1968,Orians_1969 _ 5
7,Orians_1969,1969,"Orians, G. H. (1969). The number of bird species in some tropical forests. Ecology, 50(5), 783-801.",NA,2,3,2,Richness - 5 categories of height,Human observation,Birds,Americas,Costa Rica,Unlogged,Wet,Montane rainforest,moist_montane_forest,2380,26,9.59579,-83.682297,3/1/1968,6/1/1968,Orians_1969 _ 7
3,Orians_1969,1969,"Orians, G. H. (1969). The number of bird species in some tropical forests. Ecology, 50(5), 783-801.",NA,2,3,2,Richness - 5 categories of height,Human observation,Birds,Americas,Costa Rica,Unlogged,Wet,Lowland rainforest,moist_lowland_forest,100,25,10.127897,-85.275736,3/1/1968,6/1/1968,Orians_1969 _ 3
6,Orians_1969,1969,"Orians, G. H. (1969). The number of bird species in some tropical forests. Ecology, 50(5), 783-801.",NA,2,3,2,Richness - 5 categories of height,Human observation,Birds,Americas,Costa Rica,Unlogged,Wet,Montane rainforest,moist_montane_forest,1950,20,10.145548,-84.091737,3/1/1968,6/1/1968,Orians_1969 _ 6
1,Pearson_1971,1971,"Pearson, D. L. (1971). Vertical stratification of birds in a tropical dry forest. The Condor, 73(1), 46-55.",NA,2,3,2,"Abundance (continuous density plot), Richness - 5 categories of height",Human observation,Birds,Americas,Peru,Unlogged,Dry,Tropical dry forest,dry_forest,175,40,-8.607881,-74.581123,6/12/1968,8/22/1968,Pearson_1971 _ 1
4,Pearson_1977,1977,"Pearson, D. L. (1977). A pantropical comparison of bird community structure on six lowland forest sites. The Condor, 79(2), 232-244.",NA,2,3,3,Abundance - 7 categories of height,Human observation,Birds,Asia and Oceania,Indonesia,Unlogged,Dry,Lowland rainforest,moist_lowland_forest,40,50,0.4,117.266667,7/25/1974,9/4/1974,Pearson_1977 _ 4
5,Pearson_1977,1977,"Pearson, D. L. (1977). A pantropical comparison of bird community structure on six lowland forest sites. The Condor, 79(2), 232-244.",NA,2,3,2,Abundance - 7 categories of height,Human observation,Birds,Asia and Oceania,Papua New Guinea,Unlogged,Wet,Lowland rainforest,moist_lowland_forest,45,45,-3.916667,143.033333,9/30/1974,11/3/1974,Pearson_1977 _ 5
1,Pearson_1977,1977,"Pearson, D. L. (1977). A pantropical comparison of bird community structure on six lowland forest sites. The Condor, 79(2), 232-244.",NA,2,5,4,Abundance - 7 categories of height,Human observation,Birds,Americas,Ecuador,Unlogged,Sampling combined,Lowland rainforest,moist_lowland_forest,300,40,-0.4,-76.633333,7/19/1971,4/19/1972,Pearson_1977 _ 1
2,Pearson_1977,1977,"Pearson, D. L. (1977). A pantropical comparison of bird community structure on six lowland forest sites. The Condor, 79(2), 232-244.",NA,2,4,3,Abundance - 7 categories of height,Human observation,Birds,Americas,Peru,Unlogged,Dry,Lowland rainforest,moist_lowland_forest,150,40,-8.283333,-74.616667,6/2/1972,9/5/1972,Pearson_1977 _ 2
3,Pearson_1977,1977,"Pearson, D. L. (1977). A pantropical comparison of bird community structure on six lowland forest sites. The Condor, 79(2), 232-244.",NA,2,3,3,Abundance - 7 categories of height,Human observation,Birds,Americas,Bolivia,Unlogged,Wet,Lowland rainforest,moist_lowland_forest,176,40,-11.133333,-66.166667,9/14/1972,11/15/1972,Pearson_1977 _ 3
6,Pearson_1977,1977,"Pearson, D. L. (1977). A pantropical comparison of bird community structure on six lowland forest sites. The Condor, 79(2), 232-244.",NA,2,3,3,Abundance - 7 categories of height,Human observation,Birds,Africa,Gabon,Unlogged,Wet,Lowland rainforest,moist_lowland_forest,500,40,-0.066667,12.133333,9/28/1976,11/14/1976,Pearson_1977 _ 6
1,Pech-Canche_2011,2011,"Pech-Canche, J. M., Estrella, E., López-Castillo, D. L., Hernández-Betancourt, S. F., & Moreno, C. E. (2011). Complementarity and efficiency of bat capture methods in a lowland tropical dry forest of Yucatán, Mexico. Revista Mexicana de Biodiversidad, 82(3), 896-903.",NA,2,3,4,"Abundance, Richness - 2 categories of height",Mist nets,Bats,Americas,Mexico,Unlogged,Sampling combined,Tropical dry forest,dry_forest,100,15,21.092222,-89.5975,11/1/2005,10/1/2006,Pech-Canche_2011 _ 1
1,Pereira_2010,2010,"Pereira, M. J. R., Marques, J. T., & Palmeirim, J. M. (2010). Vertical stratification of bat assemblages in flooded and unflooded Amazonian forests. Current Zoology, 56(4), 469-478.",10.1093/czoolo/56.4.469,5,3,4,Richness - 2 categories of height,Mist nets,Bats,Americas,Brazil,Unlogged,Sampling combined,Lowland rainforest,moist_lowland_forest,44,35,-2.40407,-64.680292,4/1/2007,12/1/2007,Pereira_2010 _ 1
1,Peters_2006,2006,"Peters, S. L., Malcolm, J. R., & Zimmerman, B. L. (2006). Effects of selective logging on bat communities in the southeastern Amazon. Conservation Biology, 20(5), 1410-1421.",10.1111/j.1523-1739.2006.00526.x,2,2,2,Richness - 2 categories of height,Mist nets,Bats,Americas,Brazil,Unlogged,Sampling combined,Lowland rainforest,moist_lowland_forest,300,30,-7.683333,-51.866667,9/1/2002,12/1/2002,Peters_2006 _ 1
1,Rader_2006,2006,"Rader, R., & Krockenberger, A. (2006). Does resource availability govern vertical stratification of small mammals in an Australian lowland tropical rainforest?. Wildlife Research, 33(7), 571-576.",10.1071/WR04108,1,2,4,"Abundance, Richness - 4 categories of height",Traps,Small mammals,Asia and Oceania,Australia,Unlogged,Sampling combined,Tropical rainforest,moist_lowland_forest,400,35,-16.095527,145.425929,5/1/2002,4/1/2003,Rader_2006 _ 1
1,Rajaonarivelo_2020,2020,"Rajaonarivelo, J. A., Andrianarisima, A., Raherilalao, M. J., & Goodman, S. (2020). Vertical distribution and daily patterns of birds in the dry deciduous forests of central western Madagascar. Tropical Zoology, 33(1).",10.4081/tz.2020.66,3,3,3,"Richness, abundance - 9 categories of height",Human observation,Birds,Africa,Madagascar,Unlogged,Wet,Dry deciduous,dry_forest,30,20,-20.083333,44.533333,1/25/2018,2/17/2018,Rajaonarivelo_2020 _ 1
1,Rodríguez_2009,2009,"Rodríguez, M. H. O. (2009). Análisis de la estratificación vertical del ensamblaje de murciélagos de un fragmento de bosque seco tropical (Córdoba, Colombia), a partir de la heterogeneidad del hábitat y la ecomorofología alar. Trabajo de Grado. Bogotá: Facultad de Ciencias, Pontificia Universidad Javeriana.",NA,3,2,1,"Abundance (table 2), Richness (estimated Table 6) - 2 categories of height",Mist nets,Bats,Americas,Colombia,Unlogged,Wet,Dry forest,dry_forest,75,15,8.181667,-75.55,9/1/2009,10/1/2009,Rodríguez_2009 _ 1
1,Scheffers_2013,2013,"Scheffers, B. R., Phillips, B. L., Laurance, W. F., Sodhi, N. S., Diesmos, A., & Williams, S. E. (2013). Increasing arboreality with altitude: a novel biogeographic dimension. Proceedings of the Royal Society B: Biological Sciences, 280(1770), 20131581.",10.1098/rspb.2013.1581,2,2,2,Abundance (density) - continous gradient,Human observation,Amphibians,Asia and Oceania,Philippines,Unlogged,Wet,Montane rainforest,moist_montane_forest,1000,20,14.042436,121.524332,5/1/2011,10/1/2011,Scheffers_2013 _ 1
2,Scheffers_2013,2013,"Scheffers, B. R., Phillips, B. L., Laurance, W. F., Sodhi, N. S., Diesmos, A., & Williams, S. E. (2013). Increasing arboreality with altitude: a novel biogeographic dimension. Proceedings of the Royal Society B: Biological Sciences, 280(1770), 20131581.",10.1098/rspb.2013.1581,2,2,2,Abundance (density) - continous gradient,Human observation,Amphibians,Asia and Oceania,Philippines,Unlogged,Wet,Montane rainforest,moist_montane_forest,1400,20,14.052623,121.51217,5/1/2011,10/1/2011,Scheffers_2013 _ 2
3,Scheffers_2013,2013,"Scheffers, B. R., Phillips, B. L., Laurance, W. F., Sodhi, N. S., Diesmos, A., & Williams, S. E. (2013). Increasing arboreality with altitude: a novel biogeographic dimension. Proceedings of the Royal Society B: Biological Sciences, 280(1770), 20131581.",10.1098/rspb.2013.1581,2,2,2,Abundance (density) - continous gradient,Human observation,Amphibians,Asia and Oceania,Philippines,Unlogged,Wet,Pine forest,moist_montane_forest,1800,20,14.056614,121.50037,5/1/2011,10/1/2011,Scheffers_2013 _ 3
1,Silva_2020b,2020,"Silva, R. C., Silveira, M., & Verde, R. S. (2020). Vertical stratification of phyllostomid bats assemblage (Chiroptera, Phyllostomidae) in a forest fragment in Brazilian Southwestern Amazon. Neotropical Biology and Conservation, 15, 107.",10.3897/neotropical.15.e47641,3,3,3,"Richness (not estimated), Abundance (needs conversion by effort) - 2 categories of height",Mist nets,Bats,Americas,Brazil,Fragment,Sampling combined,Lowland rainforest,moist_lowland_forest,200,30,-10.081389,-67.621944,5/1/2014,1/15/2015,Silva_2020b _ 1
1,Vieira_2003,2003,"Vieira, E. M., & Monteiro-Filho, E. L. (2003). Vertical stratification of small mammals in the Atlantic rain forest of south-eastern Brazil. Journal of Tropical Ecology, 19(05), 501-507.",10.1017/S0266467403003559,3,5,4,"Richness, abundance - 3 categories of height",Traps,Small mammals,Americas,Brazil,Unlogged,Sampling combined,Atlantic rainforest,moist_lowland_forest,200,25,-24.233333,-48.066667,9/1/1995,8/1/1997,Vieira_2003 _ 1
2,Vieira_2003,2003,"Vieira, E. M., & Monteiro-Filho, E. L. (2003). Vertical stratification of small mammals in the Atlantic rain forest of south-eastern Brazil. Journal of Tropical Ecology, 19(05), 501-507.",10.1017/S0266467403003559,3,3,4,"Richness, abundance - 3 categories of height",Traps,Small mammals,Americas,Brazil,Unlogged,Sampling combined,Atlantic rainforest,moist_montane_forest,900,25,-24.283333,-47.35,9/1/1995,8/1/1997,Vieira_2003 _ 2
1,Voss_2001,2001,"Voss, R. S., Lunde, D. P., & Simmons, N. B. (2001). The mammals of Paracou, French Guiana: a neotropical lowland rainforest fauna part 2. Nonvolant species. Bulletin of the American Museum of Natural History, 2001(263), 3-236.",NA,3,3,4,Richness (figures 84-87) -2 categories of height,Traps,Small mammals,Americas,French Guiana,Unlogged (with some degraded forest),Sampling combined,Lowland rainforest,moist_lowland_forest,25,30,5.275278,-52.923611,1991,1992,Voss_2001 _ 1
1,Walther_2002,2002,"Walther, B. A. (2002). Vertical stratification and use of vegetation and light habitats by Neotropical forest birds. Journal für Ornithologie, 143(1), 64-81.",10.1046/j.1439-0361.2002.01007.x,2,4,4,Richness - continuous gradient (Table 2),Human observation,Birds,Americas,Venezuela,Unlogged,Sampling combined,Lowland rainforest,moist_lowland_forest,110,33,3.166667,-65.666667,5/1/1998,4/1/1999,Walther_2002 _ 1
1,Wells_2004,2004,"Wells, K., Pfeiffer, M., Lakim, M. B., & Linsenmair, K. E. (2004). Use of arboreal and terrestrial space by a small mammal community in a tropical rain forest in Borneo, Malaysia. Journal of Biogeography, 31(4), 641-652.",NA,2,5,4,"Richness, abundance - 2 categories of height",Traps,Small mammals,Asia and Oceania,Malaysia,Unlogged,Dry,Rainforest,moist_montane_forest,850,30,6.122515,116.520789,3/1/2001,9/1/2001,Wells_2004 _ 1
1,Frith_1984,1984,"Frith, D. W. (1984). Foraging ecology of birds in an upland tropical rainforest in north Queensland. Wildlife Research, 11(2), 325-347.",NA,2,5,4,"Richness, abundance - 6 categories of height",Human observation,Birds,Asia and Oceania,Australia,Unlogged,Sampling combined,Upland rainforest,moist_montane_forest,800,35,-19,146.166667,8/1/1978,4/30/1979,Frith_1984 _ 1
1,Thivyanathan_2016,2016,"Thivyanathan, N. (2016). Foraging patterns of birds in resource partitioning in tropical mixed dry deciduous forest, India. Journal of Energy and Natural Resources, 5(2), 16-29.",NA,2,3,5,"Richness, abundance - 13 categories of height",Human observation,Birds,Asia and Oceania,India,Unlogged,Sampling combined,Dry deciduous Forest,dry_forest,800,11,11.333333,76.716667,5/1/1999,5/25/2002,Thivyanathan_2016 _ 1
1,McEnnerney_2008,2008,"McEnnerney, M. (2008) Communities’ Diversity and Abundance: The Vertical Stratification of Bats (Chiroptera) in the Peruvian Amazon. PhD Dissertation",NA,4,1,1,"Richness, abundance - 2 categories of height",Mist nets,Bats,Americas,Peru,Unlogged,Wet,Lowland rainforest,moist_lowland_forest,100,35,-4.451389,-71.7525,5/25/2007,6/13/2007,McEnnerney_2008 _ 1
1,Clarke_2005,2005,"Clarke, F. M., Rostant, L. V., & Racey, P. A. (2005). Life after logging: post‐logging recovery of a neotropical bat community. Journal of Applied Ecology, 42(2), 409-420.",10.1111/j.1365-2664.2005.01024.x,4,2,5,Abundance - 2 categories of height,Mist nets,Bats,Americas,Trinidad,Unlogged,Sampling combined,Tropical moist seasonal forest,dry_forest,100,28,10.166667,-61.166667,2000,2002,Clarke_2005 _ 1
1,Hodgkison_2004,2004,"Hodgkison, R., Balding, S. T., Zubaid, A., & Kunz, T. H. (2004). Habitat structure, wing morphology, and the vertical stratification of Malaysian fruit bats (Megachiroptera: Pteropodidae). Journal of Tropical Ecology, 667-673.",DOI: 10.101 7/S02 6646 740400173 7 P,3,3,5,Abundance,Mist nets,Bats,Asia and Oceania,Malaysia,Unlogged,Sampling combined,Lowland rainforest,moist_lowland_forest,100,35,3.716667,102.283333,5/1/1997,10/15/1999,Hodgkison_2004 _ 1
1,Rex_2011,2011,"Rex, K., Michener, R., Kunz, T. H., & Voigt, C. C. (2011). Vertical stratification of Neotropical leaf-nosed bats (Chiroptera: Phyllostomidae) revealed by stable carbon isotopes. Journal of Tropical Ecology, 211-222.",doi:10.1017/S0266467411000022,2,3,2,Richness,Stable Isotopes,Bats,Americas,Costa Rica,Unlogged,Wet,Lowland rainforest,moist_lowland_forest,100,35,10.42134,-84.019396,9/1/2004,11/20/2004,Rex_2011 _ 1
2,Rex_2011,2011,"Rex, K., Michener, R., Kunz, T. H., & Voigt, C. C. (2011). Vertical stratification of Neotropical leaf-nosed bats (Chiroptera: Phyllostomidae) revealed by stable carbon isotopes. Journal of Tropical Ecology, 211-222.",doi:10.1017/S0266467411000022,2,3,2,Richness,Stable Isotopes,Bats,Americas,Costa Rica,Unlogged,Dry,Lowland rainforest,moist_lowland_forest,100,35,10.42134,-84.019396,3/1/2005,5/20/2005,Rex_2011 _ 2
3,Rex_2011,2011,"Rex, K., Michener, R., Kunz, T. H., & Voigt, C. C. (2011). Vertical stratification of Neotropical leaf-nosed bats (Chiroptera: Phyllostomidae) revealed by stable carbon isotopes. Journal of Tropical Ecology, 211-222.",doi:10.1017/S0266467411000022,2,3,2,Richness,Stable Isotopes,Bats,Americas,Ecuador,Unlogged,Wet,Lowland rainforest,moist_lowland_forest,200,35,-0.643142,-76.153164,9/1/2004,11/20/2004,Rex_2011 _ 3
4,Rex_2011,2011,"Rex, K., Michener, R., Kunz, T. H., & Voigt, C. C. (2011). Vertical stratification of Neotropical leaf-nosed bats (Chiroptera: Phyllostomidae) revealed by stable carbon isotopes. Journal of Tropical Ecology, 211-222.",doi:10.1017/S0266467411000022,2,3,2,Richness,Stable Isotopes,Bats,Americas,Ecuador,Unlogged,Dry,Lowland rainforest,moist_lowland_forest,200,35,-0.643142,-76.153164,3/1/2005,5/20/2005,Rex_2011 _ 4
1,Prevedello_2008,2008,"Prevedello, J. A., Ferreira, P., Papi, B. S., Loretto, D., & Vieira, M. V. (2008). Uso do espaço vertical por pequenos mamíferos no Parque Nacional Serra dos Órgãos, RJ: um estudo de 10 anos utilizando três métodos de amostragem. Revista Espaço e Geografia, 11(1).",NA,5,3,5,Abundance,Traps,Small mammals,Americas,Brazil,Unlogged,Sampling combined,Atlantic rainforest,moist_lowland_forest,650,30,-22.466667,-42.983333,4/1/1997,8/1/2007,Prevedello_2008 _ 1
1,Passamani_1995,1995,"Passamani, M. (1995). Vertical stratification of small mammals in Atlantic Hill forest. Mammalia (Paris), 59(2), 276-279.",NA,2,1,4,Richness,Traps,Small mammals,Americas,Brazil,Unlogged,Sampling combined,Atlantic rainforest,moist_montane_forest,775,20,-19.833333,-40.366667,1/1/1991,9/15/1991,Passamani_1995 _ 1
1,Francis_1994,1994,"Francis, C. M. (1994). Vertical stratification of fruit bats (Pteropodidae) in lowland dipterocarp rainforest in Malaysia. Journal of Tropical Ecology, 523-530.",NA,4,2,1,Abundance,Mist nets,Bats,Asia and Oceania,Malaysia,Unlogged,Wet,Lowland rainforest,moist_lowland_forest,100,30,3.716667,102.166667,7/12/1992,9/1/1992,Francis_1994 _ 1
1,Cademartori_2008,2008,"Cademartori, C. V., Marques, R. V., & Pacheco, S. M. (2008). Estratificação vertical no uso do espaço por pequenos mamíferos (Rodentia, Sigmodontinae) em área de Floresta Ombrófila Mista, RS, Brasil. Revista Brasileira de Zoociências, 10(3).",NA,2,3,3,Abundance,Traps,Small mammals,Americas,Brazil,Unlogged,Sampling combined,Mixed ombrophilous forest,moist_montane_forest,930,20,-29.383333,-50.383333,8/1/2004,7/1/2005,Cademartori_2008 _ 1
1,Terborgh_1980,1980,"Terborgh, J. (1980). Vertical stratification of a Neotropical forest bird community. Acta XVII Congr. Int. Orn. Berlin, 1978, 1005-1012.",NA,2,3,5,Richness - continuous,Human observation,Birds,Americas,Peru,Unlogged,Sampling combined,Submontane moist forest,moist_montane_forest,700,40,-12.329706,-73.947202,1968,1972,Terborgh_1980 _ 1
1,Karr_1976,1976,"Karr, J. R. (1976). Within‐and between‐habitat avian diversity in African and Neotropical lowland habitats. Ecological Monographs, 46(4), 457-481.",NA,2,2,3,Richness - 4 categories of height,Human observation,Birds,Africa,Liberia,Old regrowth,Wet,Lowland rainforest,moist_lowland_forest,475,30,7.484444,-8.570278,8/1/1971,10/15/1971,Karr_1976 _ 1
1,Gonzalez_2020,2020,"Gonzalez, J. C. T., de Guia, A. P. O., Dimalibot, J. C., Pantua, K. V., Gustilo, W. O., & Bantayan, N. C. (2020). Understorey to canopy vertebrate fauna of a lowland evergreen forest in Mt. Makiling Forest Reserve, Philippines. Biodiversity Data Journal, 8.",https://doi.org/10.3897/BDJ.8.e56999,2,1,1,Richness - 3 categories of height,Human observation,Amphibians,Asia and Oceania,Philippines,Old regrowth,Sampling combined,Lowland evergreen rainforest,moist_lowland_forest,350,20,14.137222,121.1925,2016--06-01,3/15/2018,Gonzalez_2020 _ 1
1,Zubaid_1994,1994,"Zubaid, A. (1994). Vertical stratification of pteropodid bats in a Malaysian lowland rainforest. Mammalia (Paris), 58(2), 309-311.",NA,2,2,2,Abundance,Mist nets,Bats,Asia and Oceania,Malaysia,Old regrowth,Wet,Lowland dipterocarp rainforest,moist_lowland_forest,100,20,2.916667,101.75,4/1/1993,6/15/1993,Zubaid_1994 _ 1
1,Ingle_1993,1993,"Ingle, N. R. (1993). Vertical stratification of bats in a Philippine rainforest. Asian International Journal of Life Sciences.",NA,2,3,3,Abundance,Mist nets,Bats,Asia and Oceania,Philippines,Old regrowth,Sampling combined,Lowland dipterocarp rainforest,moist_lowland_forest,350,25,14.15,121.216667,1/1/1989,8/15/1989,Ingle_1993 _ 1
1,Gokula_2007,2007,"Gokula, V., & Vijayan, L. (2007). Foraging strategies of birds in partitioning of food resources in dry deciduous forest of Mudumalai Wildlife Sanctuary, Tamil Nadu, India. Journal of Scientific Transaction in Environment and Technovation, 1(1), 36-42.",NA,2,1,1,"Richness, abundance - 13 categories of height",Human observation,Birds,Asia and Oceania,India,Unlogged,Dry,Dry deciduous Forest,dry_forest,1000,11,11.583333,76.583333,2006,2006,Gokula_2007 _ 1
1,Weber_2011,2011,"de Moraes Weber, M., de Arruda, J. L. S., Azambuja, B. O., Camilotti, V. L., & Cáceres, N. C. (2011). Resources partitioning in a fruit bat community of the southern Atlantic Forest, Brazil. Mammalia, 75(3), 217-225.",10.1515/MAMM.2011.021,3,3,3,Abundance,Mist nets,Bats,Americas,Brazil,Unlogged,Sampling combined,Seasonal Forest,moist_lowland_forest,350,15,-29.833333,-53.833333,1/1/2005,12/30/2005,Weber_2011 _ 1
1,Zubaid_1997,1997,"Zubaid, A. & Ariffin, K (1997). A comparison of small mammal abundance between a primary and distributed lowland rain forest in Peninsular Malaysia.",NA,2,2,4,"Abundance, richness",Traps,Small mammals,Asia and Oceania,Malaysia,Unlogged,Sampling combined,Lowland rainforest,moist_lowland_forest,100,35,3.716667,102.283333,7/1/1994,11/15/1995,Zubaid_1997 _ 1
1,Maklarin_1998,1998,"Maklarin, B. L. (1998). A small mammal community in the tropical rain forest canopy at Poring Hot Springs, Kinabalu Park. Sabah Parks Nature Journal, 1, 93-105.",NA,2,3,3,"Abundance, richness",Traps,Small mammals,Asia and Oceania,Malaysia,Unlogged,Sampling combined,Evergreen broad-leaf forest,moist_lowland_forest,579,35,6.045043,116.698858,2/1/1994,7/15/1994,Maklarin_1998 _ 1
