sites,study_id,year,indepedence_weight,reference,doi_link,google_drive_link,data_quality,data_quality_explanation,data_stripped,sum_total_richness,sum_total_abundance,spatial_rank,temporal_resolution_rank,temporal_bredth_rank,biodiversity_metrics,method,taxa,continent,country,treatment,season,forest_type,elevation,canopy_height,latitude,longitude,study_start_date,study_end_date,driver_of_stratification,other_data_of_interest,additional_notes
1,Abreu_2014,2014,1,"Abreu, M. S., & OLIVEIRA, L. R. (2014). Patterns of arboreal and terrestrial space use by non-volant small mammals in an Araucaria forest of southern Brazil. Anais da Academia Brasileira de Ciências, 86(2), 807-819.",10.1590/0001-3765201420130063,https://drive.google.com/file/d/1L19IovUFexjTYXq4AnDKOLzU6vIXPBrC/view?usp=sharing,1,NA,Yes,10,125,2,3,4,"Richness, Abundance - 3 categories of height",Traps,Small mammals,Americas,Brazil,Unlogged,Sampling combined across the year,Araucaria Forest,750,30,-29.485556,-50.207222,2011-01-01,2011-12-01,"Food sources,	microhabitats and canopy cover drive stratification of small mammals - with greater abundance and richness nearer the ground",redundancy / ordination anaylsis on habitat variables against species specific stratification patterns,NA
1,Acharya_2017,2017,1,"Acharya, B. K., & Vijayan, L. (2017). Vertical stratification of birds in different vegetation types along an elevation gradient in the Eastern Himalaya, India. Ornithological Science, 16(2), 131-140.",https://doi.org/10.2326/osj.16.131,https://drive.google.com/file/d/1tbQniWTso9Nq2jZa70Tw0OAzhu9F5C3g/view?usp=sharing,1,NA,Yes,NA,3775,5,4,5,"Richness, Abundance, Similarity - 7 categories of height",Human observation,Birds,Asia and Oceania,India,Unlogged,Sampling combined across the year,Tropical semi-deciduous,600,30,27.234167,88.401111,2003,2006,Unequal distribution of foliage and/or food,Foliage density,Jaccard similarity between each combo of the 7 strata provided but did not digitize
2,Acharya_2017,2017,1,"Acharya, B. K., & Vijayan, L. (2017). Vertical stratification of birds in different vegetation types along an elevation gradient in the Eastern Himalaya, India. Ornithological Science, 16(2), 131-140.",https://doi.org/10.2326/osj.16.131,https://drive.google.com/file/d/1tbQniWTso9Nq2jZa70Tw0OAzhu9F5C3g/view?usp=sharing,1,NA,Yes,NA,5245,5,4,5,"Richness, Abundance, Similarity - 7 categories of height",Human observation,Birds,Asia and Oceania,India,Unlogged,Sampling combined across the year,Tropical moist and broadleaf,1350,30,27.550278,88.634722,2003,2006,Unequal distribution of foliage and/or food,Foliage density,NA
3,Acharya_2017,2017,1,"Acharya, B. K., & Vijayan, L. (2017). Vertical stratification of birds in different vegetation types along an elevation gradient in the Eastern Himalaya, India. Ornithological Science, 16(2), 131-140.",https://doi.org/10.2326/osj.16.131,https://drive.google.com/file/d/1tbQniWTso9Nq2jZa70Tw0OAzhu9F5C3g/view?usp=sharing,1,NA,Yes,NA,6725,5,4,5,"Richness, Abundance, Similarity - 7 categories of height",Human observation,Birds,Asia and Oceania,India,Unlogged,Sampling combined across the year,Temperate broadleaf,2250,30,27.618611,88.700556,2003,2006,Unequal distribution of foliage and/or food,Foliage density,NA
4,Acharya_2017,2017,1,"Acharya, B. K., & Vijayan, L. (2017). Vertical stratification of birds in different vegetation types along an elevation gradient in the Eastern Himalaya, India. Ornithological Science, 16(2), 131-140.",https://doi.org/10.2326/osj.16.131,https://drive.google.com/file/d/1tbQniWTso9Nq2jZa70Tw0OAzhu9F5C3g/view?usp=sharing,1,NA,Yes,NA,2290,5,4,5,"Richness, Abundance, Similarity - 7 categories of height",Human observation,Birds,Asia and Oceania,India,Unlogged,Sampling combined across the year,Temperate coniferous,3250,30,27.768889,88.701389,2003,2006,Unequal distribution of foliage and/or food,Foliage density,NA
1,Adam_1977,1977,1,"Adam, F. (1977). Données préliminaires sur l’habitat et la stratification des rongeurs en forêt de Basse Côte-d’Ivoire. Mammalia, 41(3), 283-290.",NA,https://drive.google.com/file/d/1iRTKgLMncrAB5wq11xjg_WX8j6NSubPj/view?usp=sharing,1,NA,Yes,20,NA,2,1,1,Richness - 4 categories of height,Traps,Small mammals,Africa,Ivory Coast,Unlogged,NA,Tropical forest,15,15,5.386203,-4.052374,NA,NA,NA,Species data,NA
1,Adams_2009,2009,NA,"Adams, M. D., Law, B. S., & French, K. O. (2009). Vegetation structure influences the vertical stratification of open-and edge-space aerial-foraging bats in harvested forests. Forest Ecology and Management, 258(9), 2090-2100.",10.1016/j.foreco.2009.08.002,https://drive.google.com/file/d/1zcLXbKWdydE5aSn5-i-lq60XDD8luV4u/view?usp=sharing,2,2 - Data is not currently in the best form - data for each strata is currently combined between logged and unlogged,Yes,NA,NA,NA,NA,NA,Abundance (mean passes) - 3 categories of height,-,Bats,Aust,Australia,Old regrowth,Unknown,Temperate forest,30,35,-35.533333,150.366667,2001-01-23,2001-04-18,Forest structure had a strong influence on the activity of open-space and edge-spacebats and their vertical distribution. Insect abudance (greatest in understory) varied vertically and had significant effect on bat activity,"Insect data, guild specific data, forest regeneration data",NA
2,Adams_2009,2009,NA,"Adams, M. D., Law, B. S., & French, K. O. (2009). Vegetation structure influences the vertical stratification of open-and edge-space aerial-foraging bats in harvested forests. Forest Ecology and Management, 258(9), 2090-2100.",10.1016/j.foreco.2009.08.002,https://drive.google.com/file/d/1zcLXbKWdydE5aSn5-i-lq60XDD8luV4u/view?usp=sharing,2,2 - Data is not currently in the best form - data for each strata is currently combined between logged and unlogged,Yes,NA,NA,NA,NA,NA,Abundance (mean passes) - 3 categories of height,-,Bats,Aust,Australia,Young-regrowth,Unknown,Temperate forest,30,25,-35.533333,150.366667,2001-01-23,2001-04-18,Forest structure had a strong influence on the activity of open-space and edge-spacebats and their vertical distribution. Insect abudance (greatest in understory) varied vertically and had significant effect on bat activity,"Insect data, guild specific data, forest regeneration data",NA
1,Altamirano_1989,1989,1,"Altamirano, M. A., & Morales, J. E. (1998). Distribución vertical de la avifauna en un bosque templado de Zinacatán, Chiapas, México. Acta Zoológica Mexicana (nueva serie), (75), 125-142.",NA,https://drive.google.com/file/d/1xDA6Fv4FjBVMJ0Cqg1HMm5LyF2PQWB1Z/view?usp=sharing,1,NA,Yes,76,NA,2,2,4,Richness - 9 categories of height,Mist nets + Human observation,Birds,Americas,Mexico,Unlogged,Sampling combined across the year,Pine forest,2350,45,16.72,-92.700833,1993-02-01,1993-12-15,"Foliage density, food resources","Foliage density, species data, threat status",Seems to be uneven sampling with the inclusion of ground based mist nets - but rarefaction curve for the community is very flat -0 authors admit that seeing into the canopy is very difficult - so lower observations
2,Balda_1969,1969,NA,"Balda, R. P. (1969). Foliage use by birds of the oak-juniper woodland and ponderosa pine forest in southeastern Arizona. The Condor, 71(4), 399-412.",NA,https://drive.google.com/file/d/1boyOzbfxORkzh8IoghyxUznKi7p4evQ5/view?usp=sharing,1,NA,Yes,NA,NA,NA,NA,NA,Abundance (relative) - Continuous gradient,Point counts,Birds,NA,USA,Unlogged,Sampling combined across the year,Ponderosa Pine Forest,2500,30,31.907734,-109.286115,1964,1965,"Foliage, tree species","Foliage density, species specific stratification data",NA
1,Balda_1969,1969,NA,"Balda, R. P. (1969). Foliage use by birds of the oak-juniper woodland and ponderosa pine forest in southeastern Arizona. The Condor, 71(4), 399-412.",NA,https://drive.google.com/file/d/1boyOzbfxORkzh8IoghyxUznKi7p4evQ5/view?usp=sharing,1,NA,Yes,NA,NA,NA,NA,NA,Abundance (relative) - Continuous gradient,Point counts,Birds,NA,USA,Unlogged,Sampling combined across the year,Oak-Juniper Woodland,1650,22,31.867906,-109.209372,1964,1965,"Foliage, tree species","Foliage density, species specific stratification data","No methods on bird sampling provided in this paper, but are available in one of his other papers from this time: https://www.jstor.org/stable/pdf/1366011.pdf?refreqid=excelsior%3A2d15429156da6d756ae42ceb1dcf04f4"
1,Basham_2019,2019,1,"Basham, E. W., Seidl, C. M., Andriamahohatra, L. R., Oliveira, B. F., & Scheffers, B. R. (2019). Distance–decay differs among vertical strata in a tropical rainforest. Journal of Animal Ecology, 88(1), 114-124.",10.1111/1365-2656.12902,https://drive.google.com/file/d/1hkEVI-8A638OPP_M2aIxLMVtlJYot0iN/view?usp=sharing,1,NA,Yes,37,131,2,4,2,"Richness, abundance - 3 categories of height",Human observation,Amphibians,Africa,Madagascar,Unlogged,Wet,Rainforest,1050,30,-21.283333,47.416667,2015-11-01,2016-01-20,"Microhabitats, forest structure",Composition comparison,NA
1,Basham_2020,2020,0.5,"Basham, E. W., & Scheffers, B. R. (2020). Vertical stratification collapses under seasonal shifts in climate. Journal of Biogeography.",10.1111/jbi.13857,https://drive.google.com/file/d/1AKWkxFYkfaZpcAV3FJtiYAZMtL6xcMqY/view?usp=sharing,1,NA,Yes,29,NA,2,4,2,"Richness, abundance (supp) - continuous gradient",Human observation,Amphibians,Americas,Panama,Unlogged,Wet,Moist forest,400,33,9.358555,-79.7029,2017-06-01,2018-09-01,"Microhabitats, forest structure",NA,NA
2,Basham_2020,2020,0.5,"Basham, E. W., & Scheffers, B. R. (2020). Vertical stratification collapses under seasonal shifts in climate. Journal of Biogeography.",10.1111/jbi.13857,https://drive.google.com/file/d/1AKWkxFYkfaZpcAV3FJtiYAZMtL6xcMqY/view?usp=sharing,1,NA,Yes,23,NA,2,4,2,"Richness, abundance (supp) - continuous gradient",Human observation,Amphibians,Americas,Panama,Unlogged,Dry,Moist forest,400,33,9.358555,-79.7029,2017-06-01,2018-09-01,"Microhabitats, forest structure",NA,NA
1,Bell_1982,1982,1,"Bell, H. L. (1982). A bird community of New Guinean lowland rainforest. 3 Vertical distribution of the avifauna. Emu-Austral Ornithology, 82(3), 143-162.",NA,https://drive.google.com/file/d/11ScOgOYFx5yupw1HOIQNDUYZq_Nl32OP/view?usp=sharing,1,NA,Yes,100,26361,2,4,5,"Abundance (Density) - continous gradient, Abundance, Richness - 5 categories of height",Human observation,Birds,Asia and Oceania,Papua New Guinea,Unlogged,Sampling combined across the year,Lowland rainforest,250,40,-9.159416,147.235403,1975-12-01,1977-12-01,"Food sources, sex related differences (also display behaviours), effect of mixed flocking, secondary growth species","Biomass by strata, guild data, species specific data, seasonal data",NA
1,Bernard_2001,2001,1,"Bernard, E. (2001). Vertical stratification of bat communities in primary forests of Central Amazon, Brazil. Journal of Tropical Ecology, 17(01), 115-126.",10.1017/S0266467401001079,https://drive.google.com/file/d/1mU-12OR_sihCUIJFpO0L6yuTATVTa70M/view?usp=sharing,1,NA,Yes,51,936,4,3,4,"Abundance (per net hour), Richness (estimated - taken from sampaio) - 2 categories of height",Mist nets,Bats,Americas,Brazil,Unlogged,Sampling combined across the year,Lowland rainforest,80,40,-2.407222,-59.727778,1996-08-01,1997-08-01,"Diet, foraging behaviour, roost-site selection, and morphology","Guild, species specific data",NA
1,Bonaccorso_1976,1976,1,"Bonaccorso, F. J. (1976). Foraging and reproductive ecology in a community of bats in Panama. PhD Dissertation: University of Florida",NA,https://ufdc.ufl.edu/AA00024888/00001/pdf,3,"3 - Data need compilation from multiple guild specific tables - Tables 11, 21, 23 - There is no Canopy nets... only to subcanopy - the author states that canopy nets were stopped because there were very few captures",Yes,27,1261,3,3,4,"Abundance, Richness - 2 categories of height",Mist nets and harp traps,Bats,Americas,Panama,Unlogged,Sampling combined across the year,Lowland rainforest,25,40,9.154456,-79.851034,1971,1973,"Food sources, guilds","Food stratification, seasonality, guild and species specific data",NA
1,Bonter_2008,2008,NA,"Bonter, D. N., Brooks, E. W., & Donovan, T. M. (2008). What are we missing with only ground‐level mist nets? Using elevated nets at a migration stopover site. Journal of Field Ornithology, 79(3), 314-320.",https://doi.org/10.1111/j.1557-9263.2008.00179.xx,https://drive.google.com/file/d/11hAyJ2zpIIWW6ppjD-9wEyMIpF9TSUOf/view?usp=sharing,2,2 - Needs converting from category metric,No,NA,NA,NA,NA,NA,"Abundance? (data is not in a good format for this- possibly use the basic % captured in each), Richness - continuous?",-,Birds,NA,USA,Young-regrowth,Sampling combined across the year,Temperate forest,100,5,43.327222,-77.718056,2000,2006,"Seasonality of vegetation structure, niche partitioning","Seasonal vertical shifts, species and guild specific data",NA
1,Brosset_1996,1996,1,"Brosset, A., Charles-Dominique, P., Cockle, A., Cosson, J. F., & Masson, D. (1996). Bat communities and deforestation in French Guiana. Canadian Journal of Zoology, 74(11), 1974-1982.",NA,https://drive.google.com/file/d/17udzZrNji-5bmB7c4Fbe0x65HdoWC-P-/view?usp=sharing,1,NA,Yes,NA,366,2,2,5,Abundance (Table 2),Mist nets,Bats,Americas,French Guiana,Unlogged,Unknown,Lowland rainforest,30,30,5.342922,-53.038439,Unknown,Unknown,"Food, foraging strategy","Regrowth vs primary, guild/species data",ECEREX
2,Brosset_1996,1996,1,"Brosset, A., Charles-Dominique, P., Cockle, A., Cosson, J. F., & Masson, D. (1996). Bat communities and deforestation in French Guiana. Canadian Journal of Zoology, 74(11), 1974-1982.",NA,https://drive.google.com/file/d/17udzZrNji-5bmB7c4Fbe0x65HdoWC-P-/view?usp=sharing,1,NA,Yes,NA,590,2,2,5,Abundance (Table 2),Mist nets,Bats,Americas,French Guiana,Unlogged,Unknown,Lowland rainforest,100,30,4.137033,-52.942917,Unknown,Unknown,"Food, foraging strategy","Regrowth vs primary, guild/species data",Nouragues
3,Brosset_1996,1996,NA,"Brosset, A., Charles-Dominique, P., Cockle, A., Cosson, J. F., & Masson, D. (1996). Bat communities and deforestation in French Guiana. Canadian Journal of Zoology, 74(11), 1974-1982.",NA,https://drive.google.com/file/d/17udzZrNji-5bmB7c4Fbe0x65HdoWC-P-/view?usp=sharing,1,NA,Yes,NA,450,NA,NA,NA,Abundance (Table 2),Mist nets,Bats,SA,French Guiana,Regrowth,Unknown,Lowland rainforest,25,20,5.396344,-53.048411,Unknown,Unknown,"Food, foraging strategy","Regrowth vs primary, guild/species data",ARBOCEL
1,Buchanan-Smith_2000,2000,1,"Buchanan-Smith, H. M., Hardie, S. M., Caceres, C., & Prescott, M. J. (2000). Distribution and forest utilization of Saguinus and other primates of the Pando Department, northern Bolivia. International Journal of Primatology, 21(3), 353-379.",NA,https://drive.google.com/file/d/1-h4_cFTy9aOJzXMhnMpigxS6e9IOfClH/view?usp=sharing,2,2 - Needs converting from species ranges,Yes,12,2277,5,2,2,Richness,Human observation,Primates,Americas,Bolivia,Multiple regrowth stages,Dry,Lowland rainforest,300,20,-11.55,-69.116667,1997-06-01,1997-10-01,"Forest structure, species interactions","Species specific data, body size, successionaal forests",NA
1,Carvalho_2013,2013,1,"Carvalho, F., Fabián, M. E., & Menegheti, J. O. (2013). Vertical structure of an assemblage of bats (Mammalia: Chiroptera) in a fragment of Atlantic Forest in Southern Brazil. Zoologia (Curitiba), 30(5), 491-498.",https://doi.org/10.1590/S1984-46702013000500004,https://drive.google.com/file/d/1LF1iJKOfNwxZZAMtJJD4ig2I7akO0cwW/view?usp=sharing,1,NA,Yes,24,485,2,2,5,"Richness (and estimated by rarefaction), Abundance, Species diversity - 3 categories of height",Mist nets,Bats,Americas,Brazil,Multiple regrowth stages,Unknown,Dense Ombrophilous Forest,150,20,-28.483611,-49.255278,2005-06-01,2010-09-30,"Food resources, canopy/forest structure",Species specific data,NA
1,Chmel_2016,2016,1,"Chmel, K., Riegert, J., Paul, L., & Novotný, V. (2016). Vertical stratification of an avian community in New Guinean tropical rainforest. Population Ecology, 58(4), 535-547.",doi:10.1007/s10144-016-0561-2,https://drive.google.com/file/d/1c5P5DC0OFPkBekA7xb8YthZgpEuSDckD/view?usp=sharing,2,2 - Richness and abundance data needs to be taken from multiple tables - https://drive.google.com/file/d/1U_F2ltC7HJr76gY2OwubzJKg0-TuJP4r/view?usp=sharing,Yes,86,848,2,2,3,"Abundance, Richness - 6 categories of height",Mist nets,Birds,Asia and Oceania,Papua New Guinea,Unlogged,Sampling across dry and wet seasons,Lowland rainforest,120,35,-5.113611,145.038611,2013-06-01,2013-11-01,"Guild behaviours, food resources, foliage distribution","Foliage density, daily stratification patterns",NA
1,Colquhoun_1943,1943,NA,"Colquhoun, M. K., & Morley, A. (1943). Vertical zonation in woodland bird communities. The Journal of Animal Ecology, 75-81.",NA,https://drive.google.com/file/d/1b1qcvoVfJRbhBB0AKUt2iIf_YouTFqPk/view?usp=sharing,1,NA,Yes,12,3397,NA,NA,NA,"Abundance, Richness - 5 categories of height",Point counts,Birds,NA,England,Unlogged,Winter,Oak Woodland,110,20,51.718,-1.2611,1941-11-01,1942-02-01,"Food resources, guild specific behaviours","Species specific data, zone preference data",NA
1,Crome_1978,1978,NA,"Crome, F. H. J. (1978). Foraging ecology of an assemblage of birds in lowland rainforest in northern Queensland. Australian Journal of Ecology, 3(2), 195-212.",NA,https://drive.google.com/file/d/1WL6cxL3MUl6fk_Hdedtsb381CoRFJlgL/view?usp=sharing,1,NA,Yes,74,3109,NA,NA,NA,"Abundance, Richness - 5 categories of height",Point counts,Birds,NA,Australia,Logged,Sampling combined across the year,Mixed mesophyll vine forest,150,20,-17.849766,146.0725,1971-05-01,1972-04-30,"Food sources, guilds specific feeding,","Seasonal vertical shifts, weight distribution, guild and species specific data",NA
1,Derlindati_2005,2005,NA,"Derlindati, E. J., & Caziani, S. M. (2005). Using canopy and understory mist nets and point counts to study bird assemblages in Chaco forests. The Wilson Journal of Ornithology, 117(1), 92-99.",10.1676/03-063,https://drive.google.com/file/d/1Y85VH7wXfhrwVrZtBW1I_fu0nsQ4K6Ry/view?usp=sharing,1,NA,No,NA,NA,NA,NA,NA,"Abundance (captures/detections per), Richness (and estimated) - 2 categories of height",Mist nets,Birds,NA,Argentina,Logged,Dry,Semi-deciduousforest,160,12,-25.916667,-62.083333,1998-12-01,2000-09-25,Paper is comparison between methods,Methodological comparison,NA
2,Derlindati_2005,2005,NA,"Derlindati, E. J., & Caziani, S. M. (2005). Using canopy and understory mist nets and point counts to study bird assemblages in Chaco forests. The Wilson Journal of Ornithology, 117(1), 92-99.",10.1676/03-063,https://drive.google.com/file/d/1Y85VH7wXfhrwVrZtBW1I_fu0nsQ4K6Ry/view?usp=sharing,1,NA,No,NA,NA,NA,NA,NA,"Abundance (captures/detections per), Richness (and estimated) - 2 categories of height",Point counts,Birds,NA,Argentina,Logged,Dry,Semi-deciduousforest,160,12,-25.916667,-62.083333,1998-12-01,2000-09-25,Paper is comparison between methods,Methodological comparison,NA
3,Derlindati_2005,2005,0.5,"Derlindati, E. J., & Caziani, S. M. (2005). Using canopy and understory mist nets and point counts to study bird assemblages in Chaco forests. The Wilson Journal of Ornithology, 117(1), 92-99.",10.1676/03-063,https://drive.google.com/file/d/1Y85VH7wXfhrwVrZtBW1I_fu0nsQ4K6Ry/view?usp=sharing,1,NA,Yes,45,312,2,2,4,"Abundance (captures/detections per), Richness (and estimated) - 2 categories of height",Mist nets,Birds,Americas,Argentina,Unlogged,Dry,Semi-deciduousforest,160,12,-25.916667,-62.083333,1998-12-01,2000-09-25,Paper is comparison between methods,Methodological comparison,NA
4,Derlindati_2005,2005,0.5,"Derlindati, E. J., & Caziani, S. M. (2005). Using canopy and understory mist nets and point counts to study bird assemblages in Chaco forests. The Wilson Journal of Ornithology, 117(1), 92-99.",10.1676/03-063,https://drive.google.com/file/d/1Y85VH7wXfhrwVrZtBW1I_fu0nsQ4K6Ry/view?usp=sharing,1,NA,Yes,52,511,2,2,4,"Abundance (captures/detections per), Richness (and estimated) - 2 categories of height",Human observation,Birds,Americas,Argentina,Unlogged,Dry,Semi-deciduousforest,160,12,-25.916667,-62.083333,1998-12-01,2000-09-25,Paper is comparison between methods,Methodological comparison,NA
1,Dickson_1978,1978,NA,"Dickson, J. G., & Noble, R. E. (1978). Vertical distribution of birds in a Louisiana bottomland hardwood forest. The Wilson Bulletin, 19-30.",NA,https://drive.google.com/file/d/13vUyjZWCyI0hJsRY1QTxhzfR0FyArVZr/view?usp=sharing,3,3 - Data is as an index - needs wrangling,No,NA,NA,NA,NA,NA,"Abundance, Richness - 4 categories of height",NA,Birds,NA,USA,Unlogged,Sampling combined across the year,Bottomland hardwood forest,50,26,30.658296,-92.006032,1972-01-01,1974-02-01,Seasonal change in foliage profile and food supply of a deciduous forest,"Seasonal, species, and family (guild) data",NA
1,Dinanti_2018,2018,NA,"Dinanti, R. V., Winarni, N. L., & Supriatna, J. (2018). Vertical stratification of bird community in Cikepuh Wildlife Reserve, West Java, Indonesia. Biodiversitas Journal of Biological Diversity, 19(1), 134-139.",10.13057/biodiv/d190120,https://drive.google.com/file/d/1OqciqkBv7bY2PehwUE0MZmZp25gDuPTe/view?usp=sharing,1,NA,Yes,51,NA,NA,NA,NA,"Richness, - 5 categories of height",Human observation,Birds,NA,Indonesia,Logged,Unknown,Rainforest,50,35,-7.270449,106.42458,2016-03-01,2016-03-29,"Food resources, climate","Feeding guilds, rank abundance in vertical layers",NA
2,Dinanti_2018,2018,NA,"Dinanti, R. V., Winarni, N. L., & Supriatna, J. (2018). Vertical stratification of bird community in Cikepuh Wildlife Reserve, West Java, Indonesia. Biodiversitas Journal of Biological Diversity, 19(1), 134-139.",10.13057/biodiv/d190120,https://drive.google.com/file/d/1OqciqkBv7bY2PehwUE0MZmZp25gDuPTe/view?usp=sharing,1,NA,Yes,44,NA,NA,NA,NA,"Richness, - 5 categories of height",Human observation,Birds,NA,Indonesia,Plantation,Unknown,Teak and coconut,75,35,-7.238024,106.467532,2016-03-01,2016-03-29,"Food resources, climate","Feeding guilds, rank abundance in vertical layers",NA
1,Duya_2017,2017,1,"Duya, M. R., Fidelino, J., & Ong, P. (2017). Spatial heterogeneity of fruit bats in a primary tropical lowland evergreen rainforest in northeastern Luzon, Philippines. Acta Chiropterologica, 19(2), 305-318.",https://doi.org/10.3161/15081109ACC2017.19.2.007,https://drive.google.com/file/d/1vaJlQOQamyUS4rK7eDM3XKjeOarvddqu/view?usp=sharing,1,NA,Yes,8,1243,2,4,4,"Abundance, Richness - 2 categories of height",Mist nets,Bats,Asia and Oceania,Philippines,Unlogged,Region has no defined seasons,Lowland rainforest,100,20,17.037222,122.389444,2013-06-01,2014-07-10,Food resources,Species specific vertical preferences,Low diversity recorded - missing other guilds?
1,Fitzgerald_1989,1989,NA,"Fitzgerald, B. M., Robertson, H. A., & Whitaker, A. H. (1989). Vertical distribution of birds mist-netted in a mixed lowland forest in New Zealand. Notornis, 36(4), 311-321.",NA -PAGE 311,http://notornis.osnz.org.nz/system/files/Notornis_36_4.pdf,3,3 - Data as an index and individually split with weird axis,No,NA,NA,NA,NA,NA,"Abundance, Richness - 6 categories of height",NA,Birds,NA,New Zealand,Unlogged,Winter,Temperate hardwood forest,130,20,-41.35,174.966667,1969-06-01,1976-08-15,"Forest structure, food sources, foliage density","Species specific data, seasonal",NA
1,Ford_1986,1986,NA,"Ford, H. A., Noske, S., & Bridges, L. (1986). Foraging of birds in eucalypt woodland in north-eastern New South Wales. Emu, 86(3), 168-179.",NA,https://drive.google.com/file/d/1HDSgEqqcfZl8Xb4vcrDAddasEzZjOShZ/view?usp=sharing,2,2 - Data needs combination between Table I (for n) and Table V,Yes,40,9911,NA,NA,NA,"Abundance, Richness - 6 categories of height",NA,Birds,NA,Australia,Unlogged,Sampling combined across the year,Eucalyptus forest,900,20,-30.583333,151.733333,1981-01-01,1982-02-28,Distribution of feeding habitats/resources - paper is based on foraging,"Guild, body weight, species specific, niche bredth","Excludes rare species, data is on foraging height"
1,Gregorin_2017,2017,1,"Gregorin, R., Bernard, E., Lobao, K. W., Oliveira, L. F., Machado, F. S., Gil, B. B., & da Cunha Tavares, V. (2017). Vertical stratification in bat assemblages of the Atlantic Forest of south-eastern Brazil. Journal of Tropical Ecology, 33(5), 299-308.",10.1017/S026646741700027X,https://drive.google.com/file/d/1BiTwBVdaGTB8PTye6KroQL3Xslxrx8MK/view?usp=sharing,2,2 - convert by sampling effort which is uneven,Yes,31,618,2,2,3,"Richness, Abundance (2 categories of height)",Mist nets,Bats,Americas,Brazil,Unlogged and secondary,Unknown,Semideciduous subtropical forest,400,25,-19.805,-42.641667,2012-04-01,2013-09-15,Food distribution and therefore guild distribution,"Guild, species specific strata preference data",NA
1,Grelle_2003,2003,1,"Grelle, C. E. V. (2003). Forest structure and vertical stratification of small mammals in a secondary Atlantic forest, southeastern Brazil. Studies on Neotropical Fauna and Environment, 38(2), 81-85.",10.1076/snfe.38.2.81.15926,https://drive.google.com/file/d/1Bo9tShDsmvDwiTd9t2zfbRUNfSzBWe3G/view?usp=sharing,1,NA,Yes,11,170,2,2,3,"Richness, Abundance - 3 categories of height",Traps,Small mammals,Americas,Brazil,Old regrowth,Sampling combined across the year,Semideciduous subtropical forest,400,25,-19.716667,-42.533333,1994-03-01,1994-10-15,Foraging habits,Species specific data,NA
1,Hannibal_2010,2010,1,"Hannibal, W., & Caceres, N. C. (2010). Use of vertical space by small mammals in gallery forest and woodland savannah in south-western Brazil. Mammalia, 74(3), 247-255.",10.1515/MAMM.2010.007,https://drive.google.com/file/d/1rHmH_y9k1CRCfZZttj9PniFz7IjrNrN4/view?usp=sharing,1,NA,Yes,6,28,2,2,5,"Richness, Abundance - 3 categories of height",Traps,Small mammals,Americas,Brazil,Unlogged,Sampling combined across the year,Gallery forest,300,15,-20.458333,-55.541667,2006-08-01,2007-06-15,Foraging habits,Species specific data,NA
2,Hannibal_2010,2010,1,"Hannibal, W., & Caceres, N. C. (2010). Use of vertical space by small mammals in gallery forest and woodland savannah in south-western Brazil. Mammalia, 74(3), 247-255.",10.1515/MAMM.2010.007,https://drive.google.com/file/d/1rHmH_y9k1CRCfZZttj9PniFz7IjrNrN4/view?usp=sharing,1,NA,Yes,6,22,2,2,5,"Richness, Abundance - 3 categories of height",Traps,Small mammals,Americas,Brazil,Unlogged,Sampling combined across the year,Woodland Savannah,300,10,-20.541667,-55.291667,2006-08-01,2007-06-15,Foraging habits,Species specific data,NA
1,Hayes_2000,2000,NA,"Hayes, J. P., & Gruver, J. C. (2000). Vertical stratification of bat activity in an old-growth forest in western Washington.",NA,https://drive.google.com/file/d/1VQtAHR9vQ72r0mmFcVxFOPvtmMw77npI/view?usp=sharing,1,NA,Yes,NA,2304,NA,NA,NA,Abundance - 4 categories of height,Audio devices,Bats,NA,USA,Unlogged,Summer,Temperate rainforest,355,65,46.166667,-121.816667,1996-07-08,1996-08-01,"Vegetation structure, food resources",Activity patterns through the night,NA
1,Hecker_1999,1999,NA,"Hecker, K. R., & Brigham, R. M. (1999). Does moonlight change vertical stratification of activity by forest-dwelling insectivorous bats?. Journal of Mammalogy, 80(4), 1196-1201.",https://doi.org/10.2307/1383170,https://drive.google.com/file/d/1AADtK7IjwQYDzsmjydGFMifz_lz-hwXh/view?usp=sharing,1,NA,Yes,NA,NA,NA,NA,NA,Abundance (activity) - 2 categories of height (binomial test),Audio devices,Bats,NA,Canada,Unlogged,Summer,Temperate rainforest,150,65,48.56592,-123.838921,1995-05-31,1995-08-19,Food resources,Interaction of verticality and moonlight,NA
1,Henry_2004,2004,1,"Henry, M., Barrière, P., Gautier-Hion, A., & Colyn, M. (2004). Species composition, abundance and vertical stratification of a bat community (Megachiroptera: Pteropodidae) in a West African rain forest. Journal of Tropical Ecology, 20(01), 21-29.",10.1017/S0266467404006145,https://drive.google.com/file/d/17hDxgB-Cn926R680ByaoEWlXDRwI97YH/view?usp=sharing,1,NA,Yes,9,534,2,3,3,"Abundance, Richness (2 or 5 categories of height..)",Mist nets,Bats,Africa,Ivory Coast,Unlogged,Summer,Tropical rainforest,200,35,5.746713,-7.098746,1995,1996,Food resources,Species specific data,NA
1,Holmes_1979,1979,NA,"Holmes, R. T., Bonney Jr, R. E., & Pacala, S. W. (1979). Guild structure of the Hubbard Brook bird community: a multivariate approach. Ecology, 60(3), 512-520.",NA,https://drive.google.com/file/d/1jmf1sN-TpDQaLwkmmGek2oEHUs9vm4qC/view?usp=sharing,2,2 - needs converting from species ranges,No,NA,NA,NA,NA,NA,Richness,Human observation,Birds,NA,USA,Unlogged,Summer,Deciduous forest,550,25,43.933957,-71.745875,1975-06-01,1976-07-30,Forest structure,"Species specific, guild, foraging",NA
1,Holmes_1986,1986,NA,"Holmes, R. T., & Recher, H. F. (1986). Determinants of guild structure in forest bird communities: an intercontinental comparison. The Condor, 88(4), 427-439.",NA,https://drive.google.com/file/d/13Sl4nQVvJBPN4FXip2RqYr8vzTXkuzU3/view?usp=sharing,2,2 - needs converting from species ranges,No,NA,NA,NA,NA,NA,Richness,Human observation,Birds,NA,Australia,Unlogged,Summer,Eucalyptus forest,800,30,-36.9,149.233333,1980-10-15,1981-01-19,Food and habitat resouces structure,"Species specific, guild, foraging",NA
2,Jayson_2003,2003,1,"Jayson, E. A., & Mathew, D. N. (2003). Vertical stratification and its relation to foliage in tropical forest birds in Western Ghats (India). Acta Chiropterologica, 38(2), 111-116.",http://dx.doi.org/10.3161/068.038.0207,https://drive.google.com/file/d/1-2wBBs-pC8aSjq_6BxZt8uDLgbzoLD7m/view?usp=sharing,1,NA,Yes,68,2607,2,2,5,"Abundance, richness, diversity (7 categories of height)",Human observation,Birds,Asia and Oceania,India,Unlogged,Sampling combined across the year,Moist deciduous forest,700,35,11.216667,76.583333,1988,1993,Foliage distribution,Foliage density/abundance,NA
1,Jayson_2003,2003,1,"Jayson, E. A., & Mathew, D. N. (2003). Vertical stratification and its relation to foliage in tropical forest birds in Western Ghats (India). Acta Chiropterologica, 38(2), 111-116.",http://dx.doi.org/10.3161/068.038.0207,https://drive.google.com/file/d/1-2wBBs-pC8aSjq_6BxZt8uDLgbzoLD7m/view?usp=sharing,1,NA,Yes,57,4917,2,2,5,"Abundance, richness, diversity (7 categories of height)",Human observation,Birds,Asia and Oceania,India,Unlogged,Sampling combined across the year,Tropical evergreen forest,1000,35,11.05,76.416667,1988,1993,Foliage distribution,Foliage density/abundance,NA
1,Kalcounis_1999,1999,NA,"Kalcounis, M., Hobson, K., Brigham, R., & Hecker, K. (1999). Bat Activity in the Boreal Forest: Importance of Stand Type and Vertical Strata. Journal of Mammalogy, 80(2), 673-682. doi:10.2307/1383311",10.2307/1383311,https://drive.google.com/file/d/14gLAel9N9tpLk-bI-MVyJyVCN01rHJSI/view?usp=sharing,1,NA,Yes,NA,653.48,NA,NA,NA,Abundance (Passes- test statistic),Audio devices,Bats,NA,Canada,Unlogged,Summer,Aspen,400,21,55.583333,-106.166667,1995,1995,Forest structure,"Stand type, speciec specific data",Test is between within and above the canopy
3,Kalcounis_1999,1999,NA,"Kalcounis, M., Hobson, K., Brigham, R., & Hecker, K. (1999). Bat Activity in the Boreal Forest: Importance of Stand Type and Vertical Strata. Journal of Mammalogy, 80(2), 673-682. doi:10.2307/1383311",10.2307/1383311,https://drive.google.com/file/d/14gLAel9N9tpLk-bI-MVyJyVCN01rHJSI/view?usp=sharing,1,NA,Yes,NA,189.72,NA,NA,NA,Abundance (Passes- test statistic),Audio devices,Bats,NA,Canada,Unlogged,Summer,Jack Pine,400,15,54.2,-104.716667,1995,1995,Forest structure,"Stand type, speciec specific data",Test is between within and above the canopy
2,Kalcounis_1999,1999,NA,"Kalcounis, M., Hobson, K., Brigham, R., & Hecker, K. (1999). Bat Activity in the Boreal Forest: Importance of Stand Type and Vertical Strata. Journal of Mammalogy, 80(2), 673-682. doi:10.2307/1383311",10.2307/1383311,https://drive.google.com/file/d/14gLAel9N9tpLk-bI-MVyJyVCN01rHJSI/view?usp=sharing,1,NA,Yes,NA,210.8,NA,NA,NA,Abundance (Passes- test statistic),Audio devices,Bats,NA,Canada,Unlogged,Summer,Black Spruce,400,13,54,-105.083333,1995,1995,Forest structure,"Stand type, speciec specific data",Test is between within and above the canopy
1,Kalko_2001,2001,1,"Kalko, E. K., & Handley, C. O. (2001). Neotropical bats in the canopy: diversity, community structure, and implications for conservation. Plant ecology, 153(1-2), 319-333.",NA,https://drive.google.com/file/d/1qB2-uy5CV2SbJPeTNh29NMTDND62Bzuz/view?usp=sharing,2,2 - (Data needs converting by sampling effort),Yes,20,1871,4,3,4,"Richness, abundance (2 categories of height)",Mist nets,Bats,Americas,Brazil,Unlogged,Wet season,Lowland rainforest,50,35,-1.42398,-48.241233,1968,1969,"Forest structure, foraging strategy","Foraging guild, species specific data",NA
2,Karr_1971,1971,1,"Karr, J. R. (1971). Structure of avian communities in selected Panama and Illinois habitats. Ecological Monographs, 41(3), 207-233.",NA,https://drive.google.com/file/d/1dqsmQyr5qfNySaTUTiZzZc20Kfe_fddW/view?usp=sharing,1,NA,Yes,56,NA,2,2,4,Richness - 4 categories of height,Mist nets + Human observation,Birds,Americas,Panama,Unlogged,Sampling combined across the year,Tropical rainforest,100,35,9.159722,-79.743333,1968-07-01,1969-07-30,"Forest structure, foraging strategy","Foraging guild, foliage distribution, species specific data",NA
1,Karr_1971,1971,NA,"Karr, J. R. (1971). Structure of avian communities in selected Panama and Illinois habitats. Ecological Monographs, 41(3), 207-233.",NA,https://drive.google.com/file/d/1dqsmQyr5qfNySaTUTiZzZc20Kfe_fddW/view?usp=sharing,1,NA,Yes,32,NA,NA,NA,NA,Richness - 4 categories of height,Mist nets + Human observation,Birds,NA,Illinois,Old regrowth,Spring and summer,Temperate deciduous forest,200,25,40.144851,-87.736129,1966-04-01,1966-09-01,"Forest structure, foraging strategy","Foraging guild, species specific data",NOT including the shrub based forest here
1,Koen_1988,1988,NA,"Koen, J. H. (1988). Stratal distribution and resource partitioning of birds in the Knysna Forest, South Africa. African Journal of Ecology, 26(3), 229-238.",NA,https://drive.google.com/file/d/1QCyrv5_SRIIxBt_7GiUJGsthf00lCYRh/view?usp=sharing,3,3 - Data as mean observation height per species,No,NA,NA,NA,NA,NA,Richness - Continuous gradient,Human observation,Birds,NA,South Africa,Unlogged,Sampling combined across the year,Temperate mixed evergreen,400,26,-33.933333,23.15,1983-04-01,1984-03-01,Food availability and structural foraging zone,Species specific data,Doesnt include rare species
1,Kuznetsov_2008,2008,1,"Kuznetsov, G. V., & Filatova, T. N. (2008). On the structure of rodent communities in tropical forests of southern Vietnam. Biology Bulletin, 35(5), 515-523.",10.1134/S1062359008050130,https://drive.google.com/file/d/19WPbfmDSng7fqd9MmM-holt5dvJfk3rr/view?usp=sharing,1,NA,Yes,14,443,2,2,4,"Abundance (Figure 4), Richness (2/3 - combine) - 2 categories of height",Traps,Small mammals,Asia and Oceania,Vietnam,Unlogged,Wet season,Tropical rainforest,200,35,11.439917,107.415222,2005-12-01,2007-04-01,Food and structure,"Forest disturbance, species specific data,",NA
2,Kuznetsov_2008,2008,NA,"Kuznetsov, G. V., & Filatova, T. N. (2008). On the structure of rodent communities in tropical forests of southern Vietnam. Biology Bulletin, 35(5), 515-523.",10.1134/S1062359008050130,https://drive.google.com/file/d/19WPbfmDSng7fqd9MmM-holt5dvJfk3rr/view?usp=sharing,1,NA,Yes,9,172,2,2,4,"Abundance (Figure 4), Richness (2/3 - combine) - 2 categories of height",Traps,Small mammals,Asia and Oceania,Vietnam,Disturbed,Wet season,Tropical rainforest,200,25,11.428139,107.426139,2005-12-01,2007-04-01,Food and structure,"Forest disturbance, species specific data,",NA
1,Lambert_2005,2005,1,"Lambert, T. D., Malcolm, J. R., & Zimmerman, B. L. (2005). Variation in small mammal species richness by trap height and trap type in southeastern Amazonia. Journal of Mammalogy, 86(5), 982-990.",http://dx.doi.org/10.1644/1545-1542(2005)86[982:VISMSR]2.0.CO;2,https://drive.google.com/file/d/16CuPUtU-cua168qsmFf5NvirTOq5WP0r/view?usp=sharing,1,NA,Yes,25,1769,3,3,5,"Abundance, Richness - 3 categories of height",Traps,Small mammals,Americas,Brazil,Unlogged,Sampling combined across the year,Tropical rainforest,300,20,-7.770556,-51.961944,2002-06-01,2003-03-01,Food and structure,"Trap types , species specific data",NA
1,Landres_1980,1980,NA,"Landres, P. B., & MacMahon, J. A. (1980). Guilds and community organization: analysis of an oak woodland avifauna in Sonora, Mexico. The Auk, 97(2), 351-365.",NA,https://drive.google.com/file/d/1bN1D0phRykZsJYPIQnbOnHSbubOriw60/view?usp=sharing,1,NA,Yes,NA,3010,NA,NA,NA,"Abundance (Figure 3), Richness (appendix) - 6 categories of height",Human observation,Birds,NA,Mexico,Unlogged,Spring,Sub-tropical deciduous forest,1500,10,30.583333,-109.716667,1977-03-28,1977-05-01,"Vegetation structure, food resources","Vegetation stratification, guild and species specific foraging/[perch height data",NA
1,Latta_1998,1998,1,"Latta, S. C., & Wunderle Jr, J. M. (1998). The Assemblage of Birds Foraging in Native West Indian Pine (Pinus occidentalis) Forests of the Dominican Republic during the Nonbreeding Season 1. Biotropica, 30(4), 645-656.",10.1111/j.1744-7429.1998.tb00104.x,https://drive.google.com/file/d/1UImUp0P4YeNDw8Ak7eQhBfhNQRl7IvOX/view?usp=sharing,3,3 - Data as mean observation height per species,Yes,23,NA,4,2,2,"Richness, possibly abundance - Currently in continuous gradient",Human observation,Birds,Americas,Dominican Republic,Unlogged,Non-breeding season,Pine forest,800,20,16.1,-70.8,1993-10-01,1995-04-01,"Vegetation structure, food resources","Vegetation stratification, guild and species specific foraging data",Foraging - not perch height   -   6 locations at two separate sites at different elevations combined - only species above a certain threshold of occurence were used (23 of 63)
1,Leite_1994,1994,NA,"Leite, Y. L. R., Stallings, J. R., & Costa, L. P. (1994). Partição de recursos entre espécies simpátricas de marsupiais na Reserva Biológica de Poço das Antas, Rio de Janeiro. Revista Brasileira de Biologia, 54(3), 525-536.",NA,https://drive.google.com/file/d/1Fbl7nlENSra9_FVJlkL2n0ag3pZDLRp-/view?usp=sharing,NA,Data and results only concern specific species of the community,No,NA,NA,NA,NA,NA,"Abundance (xi squared, page 529) - Discuss",Traps,Small mammals,SA,Brazil,Unlogged (with some degraded forest),Sampling combined across the year,Lowland rainforest,200,30,-22.516667,-42.283333,1988-12-01,1990-10-01,"Food, forest structure","Diet, species specific data",MIGHT NOT INCLUDE - THEY DON:T INCLUDE ALL SPECIES IN THEIR ABUNDANCE MEASURES
1,Lentijo_2005,2005,1,"Lentijo, G. M., & Kattan, G. H. (2005). Estratificación vertical de las aves en una plantación mono específica y en bosque nativo en la cordillera central de Colombia. Ornitología Colombiana, 3, 51-61.",NA,https://drive.google.com/file/d/1D6OEkNOBy9oxo0xDvVZ2XuDNjykGmZlZ/view?usp=sharing,2,NA,Yes,54,154,2,2,3,"Abundance (easy - Figure 3 - 5 strata), Richness (appendix - continuous)",Human observation,Birds,Americas,Colombia,Unlogged,Unknown,Humid forest,1950,33,4.733333,-75.583333,2001-11-01,2002-04-01,Forest structure,"Tree classes, individual species/guild data",NA
2,Lentijo_2005,2005,NA,"Lentijo, G. M., & Kattan, G. H. (2005). Estratificación vertical de las aves en una plantación mono específica y en bosque nativo en la cordillera central de Colombia. Ornitología Colombiana, 3, 51-61.",NA,https://drive.google.com/file/d/1D6OEkNOBy9oxo0xDvVZ2XuDNjykGmZlZ/view?usp=sharing,2,NA,No,NA,NA,NA,NA,NA,"Abundance (easy - Figure 3 - 5 strata), Richness (appendix - continuous)",Human observation,Birds,NA,Colombia,Regrowth,Unknown,Humid forest,1950,33,4.733333,-75.583333,2001-11-01,2002-04-01,Forest structure,"Tree classes, individual species/guild data",NA
3,Lentijo_2005,2005,NA,"Lentijo, G. M., & Kattan, G. H. (2005). Estratificación vertical de las aves en una plantación mono específica y en bosque nativo en la cordillera central de Colombia. Ornitología Colombiana, 3, 51-61.",NA,https://drive.google.com/file/d/1D6OEkNOBy9oxo0xDvVZ2XuDNjykGmZlZ/view?usp=sharing,2,NA,No,NA,NA,NA,NA,NA,"Abundance (easy - Figure 3 - 5 strata), Richness (appendix - continuous)",Human observation,Birds,NA,Colombia,Non-native Plantation,Unknown,Humid forest,1950,33,4.733333,-75.583333,2001-11-01,2002-04-01,Forest structure,"Tree classes, individual species/guild data",NA
1,Lim_2001,2001,1,"Lim, B. K., & Engstrom, M. D. (2001). Bat community structure at Iwokrama forest, Guyana. Journal of Tropical Ecology, 647-665.",10.1017/s0266467401001481,https://drive.google.com/file/d/1A9-mgAPJD6i4Y2qIWxWkZ0GVS3mrgciM/view?usp=sharing,3,NA,Yes,73,2117,2,3,3,Richness (appendix data recorded as % found in understorey vs canopy),Mist nets,Bats,Americas,Guyana,Unlogged,Dry,Lowland rainforest,100,30,4.5,-59.25,1997-03-09,1997-11-21,"Food resources, body size","Body mass, guild/species specific data",NA
1,MacSwiney_2008,2008,1,"MacSwiney G, M. C., Clarke, F. M., & Racey, P. A. (2008). What you see is not what you get: the role of ultrasonic detectors in increasing inventory completeness in Neotropical bat assemblages. Journal of applied Ecology, 45(5), 1364-1371.",https://doi.org/10.1111/j.1365-2664.2008.01531.x,https://drive.google.com/file/d/16ngmDisdhI7XDU0OwawgAXmnbOopE2P1/view?usp=sharing,1,NA,Yes,26,1933,5,3,5,"Richness, abundance - 2 categories of height",Mist nets + Audio devices,Bats,Americas,Mexico,Unlogged,Sampling combined across the year,Rainforest,50,30,21.1,-87.166667,2003,2005,Foraging guild,"Capture methods, guilds, species specific data","They show that without acoustic sampling, you miss a ton of species               ---    combining the cenote/ forest without cenote data - not independent"
1,Malcolm_1991,1991,1,"Malcolm, J. R. (1991). Comparative abundances of Neotropical small mammals by trap height. Journal of Mammalogy, 72(1), 188-192.",NA,https://drive.google.com/file/d/1Gw5wVWmqt5kuxqe0v3zSe4aWB9OEjTgw/view?usp=sharing,1,NA,Yes,15,NA,5,3,5,"Richness, abundance (either 2 or 3 heights depending on the data taken from different trap methods)",Traps,Small mammals,Americas,Brazil,Unlogged,Sampling combined across the year,Lowland rainforest,100,35,-2.650665,-61.565232,1983-11-01,1985-11-01,NA,"Capture methods, species specific data",NA
1,Malcolm_2000,2000,1,"Malcolm, J. R., & Ray, J. C. (2000). Influence of timber extraction routes on central African small‐mammal communities, forest structure, and tree diversity. Conservation Biology, 14(6), 1623-1638.",NA,https://drive.google.com/file/d/1jfaNMPzpd7psZSv_zkkpT9WeOP0W8Ve8/view?usp=sharing,1,NA,Yes,17,1208,5,4,2,"Abundance, Richness (needs taking from Table 3)- 3 categories of height",Traps,Small mammals,Africa,Central African Republic,Unlogged,Dry,Lowland rainforest,400,33,2.95,16.266667,1993-11-01,1994-04-01,Vegetation structure,"Logging effects, species data, vegetation/tree/habitat data",Authors mention that richness may not have been fully uncovered in the canopy
2,Malcolm_2000,2000,NA,"Malcolm, J. R., & Ray, J. C. (2000). Influence of timber extraction routes on central African small‐mammal communities, forest structure, and tree diversity. Conservation Biology, 14(6), 1623-1638.",NA,https://drive.google.com/file/d/1jfaNMPzpd7psZSv_zkkpT9WeOP0W8Ve8/view?usp=sharing,1,NA,No,NA,NA,NA,NA,NA,"Abundance, Richness (needs taking from Table 3)- 3 categories of height",Traps,Small mammals,NA,Central African Republic,Logged (12 years prior),Dry,Lowland rainforest,400,33,2.95,16.266667,1993-11-01,1994-04-01,Vegetation structure,"Logging effects, species data, vegetation/tree/habitat data",NA
3,Malcolm_2000,2000,NA,"Malcolm, J. R., & Ray, J. C. (2000). Influence of timber extraction routes on central African small‐mammal communities, forest structure, and tree diversity. Conservation Biology, 14(6), 1623-1638.",NA,https://drive.google.com/file/d/1jfaNMPzpd7psZSv_zkkpT9WeOP0W8Ve8/view?usp=sharing,1,NA,No,NA,NA,NA,NA,NA,"Abundance, Richness (needs taking from Table 3)- 3 categories of height",Traps,Small mammals,NA,Central African Republic,Logged (19 years prior),Dry,Lowland rainforest,400,33,2.95,16.266667,1993-11-01,1994-04-01,Vegetation structure,"Logging effects, species data, vegetation/tree/habitat data",NA
1,Marques_2015,2015,1,"Marques, J. T., Ramos Pereira, M. J., & Palmeirim, J. M. (2015). Patterns in the use of rainforest vertical space by Neotropical aerial insectivorous bats: all the action is up in the canopy. Ecography.",10.1111/ecog.01453,https://drive.google.com/file/d/19FoCeqppZJuPT-pmuW5lwU7ackVWV6Nl/view?usp=sharing,1,NA,Yes,30,4191,5,5,2,"Richness, Abdunance - 3 categories of height",Audio devices,Bats,Americas,Brazil,Unlogged,Dry,Lowland rainforest,40,35,-2.616667,-64.616667,2007-10-01,2007-12-15,Forest structure,"Riparian vs interior comparison, species specific data",NA
1,McClearn_1994,1994,1,"McClearn, D., Kohler, J., McGowan, K. J., Cedeno, E., Carbone, L. G., & Miller, D. (1994). Arboreal and terrestrial mammal trapping on Gigante Peninsula, Barro Colorado nature monument, Panama. Biotropica, 26(2), 208-213.",NA,https://drive.google.com/file/d/1tu6dL94nLazDDHmtUEqNFcdNoaVT3pTc/view?usp=sharing,1,NA,Yes,NA,NA,3,4,4,"Richness, abundance - 3 categories of height",Traps,Small mammals,Americas,Panama,Old regrowth,Dry,Lowland rainforest,50,25,9.114715,-79.84212,1991-01-12,1991-02-27,Food resources,NA,NA
1,Menzel_2005,2005,NA,"Menzel, J. M., Menzel Jr, M. A., Kilgo, J. C., Ford, W. M., Edwards, J. W., & McCRACKEN, G. F. (2005). Effect of habitat and foraging height on bat activity in the coastal plain of South Carolina. The Journal of wildlife management, 69(1), 235-245.",NA,https://drive.google.com/file/d/1Up24DPHQbqWmfsK8aQLrlQBsTbQYbDe4/view?usp=sharing,2,2 (Figure 2 b),No,NA,NA,NA,NA,NA,"Richness, abundance, 3 categories of height",Audio devices,Bats,NA,USA,Unlogged,Summer,Pine forest,125,25,33.663865,-81.934597,2000-05-01,2000-08-10,Forest structure,Different habitat types - could be multiple data points,NA
1,Müller_2013,2013,NA,"Müller, J., Brandl, R., Buchner, J., Pretzsch, H., Seifert, S., Strätz, C., ... & Fenton, B. (2013). From ground to above canopy—Bat activity in mature forests is driven by vegetation density and height. Forest Ecology and Management, 306, 179-184.",https://doi.org/10.1016/j.foreco.2013.06.043,https://drive.google.com/file/d/1WA5gPGcmq2ZpoDboReyPb9QgPwZkHRK2/view?usp=sharing,1,NA,Yes,16,NA,NA,NA,NA,"Richness, abundance, 5 categories of height",Audio devices,Bats,NA,Germany,Unlogged,Summer/Autumn,Montane forest,750,35,48.9,13.483333,2011-05-01,2011-10-01,Forest structure,Seasonal/species data,NA
2,Orians_1969,1969,1,"Orians, G. H. (1969). The number of bird species in some tropical forests. Ecology, 50(5), 783-801.",NA,https://drive.google.com/file/d/1oz2cl6SedVbe2eI92zIdrkOCp68jaeEG/view?usp=sharing,1,NA,Yes,52,NA,2,3,2,Richness - 5 categories of height,Human observation,Birds,Americas,Costa Rica,Unlogged,Dry,Lowland rainforest,100,40,9.958051,-85.336822,1968-03-01,1968-06-01,Forest structure,"Foliage density, forest structure",Osa-Ridgetop
1,Orians_1969,1969,1,"Orians, G. H. (1969). The number of bird species in some tropical forests. Ecology, 50(5), 783-801.",NA,https://drive.google.com/file/d/1oz2cl6SedVbe2eI92zIdrkOCp68jaeEG/view?usp=sharing,1,NA,Yes,64,NA,2,3,2,Richness - 5 categories of height,Human observation,Birds,Americas,Costa Rica,Unlogged,Wet,Lowland rainforest,100,35,10.423657,-84.01766,1968-03-01,1968-06-01,Forest structure,"Foliage density, forest structure",La Selva
4,Orians_1969,1969,1,"Orians, G. H. (1969). The number of bird species in some tropical forests. Ecology, 50(5), 783-801.",NA,https://drive.google.com/file/d/1oz2cl6SedVbe2eI92zIdrkOCp68jaeEG/view?usp=sharing,1,NA,Yes,63,NA,2,3,2,Richness - 5 categories of height,Human observation,Birds,Americas,Costa Rica,Unlogged,Wet,Tropical moist forest,100,35,9.99928,-84.800297,1968-03-01,1968-06-01,Forest structure,"Foliage density, forest structure",Barranca
5,Orians_1969,1969,1,"Orians, G. H. (1969). The number of bird species in some tropical forests. Ecology, 50(5), 783-801.",NA,https://drive.google.com/file/d/1oz2cl6SedVbe2eI92zIdrkOCp68jaeEG/view?usp=sharing,1,NA,Yes,67,NA,2,3,2,Richness - 5 categories of height,Human observation,Birds,Americas,Costa Rica,Unlogged,Wet,Tropical dry forest,100,30,10.687892,-85.508578,1968-03-01,1968-06-01,Forest structure,"Foliage density, forest structure",Taboga
7,Orians_1969,1969,1,"Orians, G. H. (1969). The number of bird species in some tropical forests. Ecology, 50(5), 783-801.",NA,https://drive.google.com/file/d/1oz2cl6SedVbe2eI92zIdrkOCp68jaeEG/view?usp=sharing,1,NA,Yes,32,NA,2,3,2,Richness - 5 categories of height,Human observation,Birds,Americas,Costa Rica,Unlogged,Wet,Montane rainforest,2380,26,9.59579,-83.682297,1968-03-01,1968-06-01,Forest structure,"Foliage density, forest structure",La Chonta
3,Orians_1969,1969,1,"Orians, G. H. (1969). The number of bird species in some tropical forests. Ecology, 50(5), 783-801.",NA,https://drive.google.com/file/d/1oz2cl6SedVbe2eI92zIdrkOCp68jaeEG/view?usp=sharing,1,NA,Yes,54,NA,2,3,2,Richness - 5 categories of height,Human observation,Birds,Americas,Costa Rica,Unlogged,Wet,Lowland rainforest,100,25,10.127897,-85.275736,1968-03-01,1968-06-01,Forest structure,"Foliage density, forest structure",Osa-Mora
6,Orians_1969,1969,1,"Orians, G. H. (1969). The number of bird species in some tropical forests. Ecology, 50(5), 783-801.",NA,https://drive.google.com/file/d/1oz2cl6SedVbe2eI92zIdrkOCp68jaeEG/view?usp=sharing,1,NA,Yes,26,NA,2,3,2,Richness - 5 categories of height,Human observation,Birds,Americas,Costa Rica,Unlogged,Wet,Montane rainforest,1950,20,10.145548,-84.091737,1968-03-01,1968-06-01,Forest structure,"Foliage density, forest structure",Barba
1,Pearson_1971,1971,1,"Pearson, D. L. (1971). Vertical stratification of birds in a tropical dry forest. The Condor, 73(1), 46-55.",NA,https://drive.google.com/file/d/1hx-rwa5uspVnGC0YwPP0gfJ2yuwCUCj6/view?usp=sharing,1,NA,Yes,37,NA,2,3,2,"Abundance (continuous density plot), Richness - 5 categories of height",Human observation,Birds,Americas,Peru,Unlogged,Dry,Tropical dry forest,175,40,-8.607881,-74.581123,1968-06-12,1968-08-22,"Food, resource, structure","Body weight, foliage density,",NA
4,Pearson_1977,1977,1,"Pearson, D. L. (1977). A pantropical comparison of bird community structure on six lowland forest sites. The Condor, 79(2), 232-244.",NA,https://drive.google.com/file/d/1PZp37i_jHhnhxriBY3gp_7G-A--flSqw/view?usp=sharing,1,NA,Yes,NA,2960,2,3,3,Abundance - 7 categories of height,Human observation,Birds,Asia and Oceania,Indonesia,Unlogged,Unknown,Lowland rainforest,40,50,0.4,117.266667,1974-07-25,1974-09-04,"Food, resource, structure","Foliage densitty, guild data",NA
5,Pearson_1977,1977,1,"Pearson, D. L. (1977). A pantropical comparison of bird community structure on six lowland forest sites. The Condor, 79(2), 232-244.",NA,https://drive.google.com/file/d/1PZp37i_jHhnhxriBY3gp_7G-A--flSqw/view?usp=sharing,1,NA,Yes,NA,2425,2,3,2,Abundance - 7 categories of height,Human observation,Birds,Asia and Oceania,Papua New Guinea,Unlogged,Unknown,Lowland rainforest,45,45,-3.916667,143.033333,1974-09-30,1974-11-03,"Food, resource, structure","Foliage densitty, guild data",NA
1,Pearson_1977,1977,1,"Pearson, D. L. (1977). A pantropical comparison of bird community structure on six lowland forest sites. The Condor, 79(2), 232-244.",NA,https://drive.google.com/file/d/1PZp37i_jHhnhxriBY3gp_7G-A--flSqw/view?usp=sharing,1,NA,Yes,NA,7169,2,5,4,Abundance - 7 categories of height,Human observation,Birds,Americas,Ecuador,Unlogged,Unknown,Lowland rainforest,300,40,-0.4,-76.633333,1971-07-19,1972-04-19,"Food, resource, structure","Foliage densitty, guild data",NA
2,Pearson_1977,1977,1,"Pearson, D. L. (1977). A pantropical comparison of bird community structure on six lowland forest sites. The Condor, 79(2), 232-244.",NA,https://drive.google.com/file/d/1PZp37i_jHhnhxriBY3gp_7G-A--flSqw/view?usp=sharing,1,NA,Yes,NA,2985,2,4,3,Abundance - 7 categories of height,Human observation,Birds,Americas,Peru,Unlogged,Unknown,Lowland rainforest,150,40,-8.283333,-74.616667,1972-06-02,1972-09-05,"Food, resource, structure","Foliage densitty, guild data",NA
3,Pearson_1977,1977,1,"Pearson, D. L. (1977). A pantropical comparison of bird community structure on six lowland forest sites. The Condor, 79(2), 232-244.",NA,https://drive.google.com/file/d/1PZp37i_jHhnhxriBY3gp_7G-A--flSqw/view?usp=sharing,1,NA,Yes,NA,2093,2,3,3,Abundance - 7 categories of height,Human observation,Birds,Americas,Bolivia,Unlogged,Unknown,Lowland rainforest,176,40,-11.133333,-66.166667,1972-09-14,1972-11-15,"Food, resource, structure","Foliage densitty, guild data",NA
6,Pearson_1977,1977,1,"Pearson, D. L. (1977). A pantropical comparison of bird community structure on six lowland forest sites. The Condor, 79(2), 232-244.",NA,https://drive.google.com/file/d/1PZp37i_jHhnhxriBY3gp_7G-A--flSqw/view?usp=sharing,1,NA,Yes,NA,3319,2,3,3,Abundance - 7 categories of height,Human observation,Birds,Africa,Gabon,Unlogged,Unknown,Lowland rainforest,500,40,-0.066667,12.133333,1976-09-28,1976-11-14,"Food, resource, structure","Foliage densitty, guild data",NA
1,Pech-Canche_2011,2011,1,"Pech-Canche, J. M., Estrella, E., López-Castillo, D. L., Hernández-Betancourt, S. F., & Moreno, C. E. (2011). Complementarity and efficiency of bat capture methods in a lowland tropical dry forest of Yucatán, Mexico. Revista Mexicana de Biodiversidad, 82(3), 896-903.",NA,https://drive.google.com/file/d/1uZekVDTzhy4MNoPA8oUKQ6qmeHsYQRQ5/view?usp=sharing,1,NA,Yes,17,151,2,3,4,"Abundance, Richness - 2 categories of height",Mist nets,Bats,Americas,Mexico,Unlogged,Sampling combined across the year,Tropical dry forest,100,15,21.092222,-89.5975,2005-11-01,2006-10-01,NA,"Guild, species data",NA
1,Pereira_2010,2010,1,"Pereira, M. J. R., Marques, J. T., & Palmeirim, J. M. (2010). Vertical stratification of bat assemblages in flooded and unflooded Amazonian forests. Current Zoology, 56(4), 469-478.",10.1093/czoolo/56.4.469,https://drive.google.com/file/d/1KP1d2r8nN9m5jGuFHo4ctnXujgGTyvLB/view?usp=sharing,2,2 (abundance needs calculation by sampling effort (more in the understorey),Yes,60,905,5,3,4,Richness - 2 categories of height,Mist nets,Bats,Americas,Brazil,Unlogged,Sampling combined across the year,Lowland rainforest,44,35,-2.40407,-64.680292,2007-04-01,2007-12-01,Food resources,"Guild, species data, NMDS",multiple forest types split up here but best to use the combined I think - to make sure the points are independent
1,Peters_2006,2006,1,"Peters, S. L., Malcolm, J. R., & Zimmerman, B. L. (2006). Effects of selective logging on bat communities in the southeastern Amazon. Conservation Biology, 20(5), 1410-1421.",10.1111/j.1523-1739.2006.00526.x,https://drive.google.com/file/d/1ANKkV0rtai_H4KHSd15i-ngibWbpwX2j/view?usp=sharing,1,NA,Yes,38,NA,2,2,2,Richness - 2 categories of height,Mist nets,Bats,Americas,Brazil,Unlogged,Sampling combined across the year,Lowland rainforest,300,30,-7.683333,-51.866667,2002-09-01,2002-12-01,"Food, forest structure","Guild, species species, forest plot data",NA
2,Peters_2006,2006,NA,"Peters, S. L., Malcolm, J. R., & Zimmerman, B. L. (2006). Effects of selective logging on bat communities in the southeastern Amazon. Conservation Biology, 20(5), 1410-1421.",10.1111/j.1523-1739.2006.00526.x,https://drive.google.com/file/d/1ANKkV0rtai_H4KHSd15i-ngibWbpwX2j/view?usp=sharing,1,NA,No,NA,NA,NA,NA,NA,"Abundance, Richness - 2 categories of height",Mist nets,Bats,NA,Brazil,Logged,Sampling combined across the year,Lowland rainforest,300,30,-7.682335,-51.924786,2002-09-01,2002-12-01,"Food, forest structure","Guild, species species, forest plot data",NA
1,Pires_2013,2013,NA,"de Souza Pires, D. P., & Fabián, M. E. (2013). Diversidade, riqueza e estratificação vertical de espécies de morcegos em um remanescente de Mata Atlântica no Sul do Brasil. Biotemas, 26(4), 121-131.",https://doi.org/10.5007/2175-7925.2013v26n4p121,https://drive.google.com/file/d/1Ez17ATaLz3qmzYhKPNEUf8Qt5hiTRiHw/view?usp=sharing,1,NA,Yes,9,107,NA,NA,NA,"Abundance, Richness - 2 categories of height",Mist nets,Bats,NA,Brazil,Unlogged,Sampling combined across the year,Atlantic forest,150,15,-30.169927,-51.097849,2010-07-01,2011-06-01,Forest structure,"Guild, species data",NA
1,Plank_2012,2012,NA,"Plank, M., Fiedler, K., & Reiter, G. (2012). Use of forest strata by bats in temperate forests. Journal of Zoology, 286(2), 154-162.",doi:10.1111/j.1469-7998.2011.00859.x,https://drive.google.com/file/d/1V3ulyiTG-nKiiUDbrTKauQ_JwXie4Q7B/view?usp=sharing,1,NA,Yes,20,2170,NA,NA,NA,"Abundance (calls), richness - 2 categories of height",Audio devices,Bats,NA,Austria,Unlogged,Sampling combined across the year,Temperate deciduous forest,400,20,48.844009,15.859172,2010-05-01,2010-09-01,Forest structure/ foraging habits,"Species specific data, seasonal data",NA
1,Rader_2006,2006,1,"Rader, R., & Krockenberger, A. (2006). Does resource availability govern vertical stratification of small mammals in an Australian lowland tropical rainforest?. Wildlife Research, 33(7), 571-576.",10.1071/WR04108,https://drive.google.com/file/d/1-K0CwhkXUSgAcIqp1-HOw13qBJS3zhjT/view?usp=sharing,1,NA,Yes,7,1250,1,2,4,"Abundance, Richness - 4 categories of height",Traps,Small mammals,Asia and Oceania,Australia,Unlogged,Sampling combined across the year,Tropical rainforest,400,35,-16.095527,145.425929,2002-05-01,2003-04-01,Food,"Species, Food resource data, tree data",NA
1,Rajaonarivelo_2020,2020,1,"Rajaonarivelo, J. A., Andrianarisima, A., Raherilalao, M. J., & Goodman, S. (2020). Vertical distribution and daily patterns of birds in the dry deciduous forests of central western Madagascar. Tropical Zoology, 33(1).",10.4081/tz.2020.66,https://drive.google.com/file/d/1XmS4uZ2CwsYODU50uxDOmrl9fTEJcdAy/view?usp=sharing,1,NA,Yes,37,3468,3,3,3,"Richness, abundance - 9 categories of height",Human observation,Birds,Africa,Madagascar,Unlogged,Wet,Dry deciduous,30,20,-20.083333,44.533333,2018-01-25,2018-02-17,"Foliage density, food resources","Diurnal movements, temperature, vegetation data, behaviours, species specific data",NA
1,Recher_1985,1985,NA,"Recher, H. F., Holmes, R. T., Schulz, M., Shields, J., & Kavanagh, R. (1985). Foraging patterns of breeding birds in eucalypt forest and woodland of southeastern Australia. Australian Journal of Ecology, 10(4), 399-419.",10.1111/j.1442-9993.1985.tb00902.x,https://drive.google.com/file/d/1E0_fuC0p6WdbM4szpKaN3fO6Ak6u5BY4/view?usp=sharing,1,NA,Yes,41,NA,NA,NA,NA,Richness - 4 categories of height,Human observation,Birds,NA,Australia,Unlogged,Summer,Eucalyptus forest,800,25,-36.9,149.233333,1980-10-04,1981-01-07,Food,"Species, guild, foraging type, woodland composition",NA
1,Rodríguez_2009,2009,1,"Rodríguez, M. H. O. (2009). Análisis de la estratificación vertical del ensamblaje de murciélagos de un fragmento de bosque seco tropical (Córdoba, Colombia), a partir de la heterogeneidad del hábitat y la ecomorofología alar. Trabajo de Grado. Bogotá: Facultad de Ciencias, Pontificia Universidad Javeriana.",NA,https://drive.google.com/file/d/1m756GJ1tvB-rq1rN-FHIsINtSau7wlNa/view?usp=sharing,1,NA,Yes,14,170,3,2,1,"Abundance (table 2), Richness (estimated Table 6) - 2 categories of height",Mist nets,Bats,Americas,Colombia,Unlogged,Wet,Dry forest,75,15,8.181667,-75.55,2009-09-01,2009-10-01,"Forest structure, feeding behaviour","Species specific data, forest variables",NA
1,Scheffers_2013,2013,1,"Scheffers, B. R., Phillips, B. L., Laurance, W. F., Sodhi, N. S., Diesmos, A., & Williams, S. E. (2013). Increasing arboreality with altitude: a novel biogeographic dimension. Proceedings of the Royal Society B: Biological Sciences, 280(1770), 20131581.",10.1098/rspb.2013.1581,https://drive.google.com/file/d/1JF4DKqEnILXH46xIp32pPCckltWrmFKI/view?usp=sharing,1,NA,Yes,NA,NA,2,2,2,Abundance (density) - continous gradient,Human observation,Amphibians,Asia and Oceania,Philippines,Unlogged,Wet,Montane rainforest,1000,20,14.042436,121.524332,2011-05-01,2011-10-01,Climate,Arboreality vs elevation,NA
2,Scheffers_2013,2013,1,"Scheffers, B. R., Phillips, B. L., Laurance, W. F., Sodhi, N. S., Diesmos, A., & Williams, S. E. (2013). Increasing arboreality with altitude: a novel biogeographic dimension. Proceedings of the Royal Society B: Biological Sciences, 280(1770), 20131581.",10.1098/rspb.2013.1581,https://drive.google.com/file/d/1JF4DKqEnILXH46xIp32pPCckltWrmFKI/view?usp=sharing,1,NA,Yes,NA,NA,2,2,2,Abundance (density) - continous gradient,Human observation,Amphibians,Asia and Oceania,Philippines,Unlogged,Wet,Montane rainforest,1400,20,14.052623,121.51217,2011-05-01,2011-10-01,Climate,Arboreality vs elevation,NA
3,Scheffers_2013,2013,1,"Scheffers, B. R., Phillips, B. L., Laurance, W. F., Sodhi, N. S., Diesmos, A., & Williams, S. E. (2013). Increasing arboreality with altitude: a novel biogeographic dimension. Proceedings of the Royal Society B: Biological Sciences, 280(1770), 20131581.",10.1098/rspb.2013.1581,https://drive.google.com/file/d/1JF4DKqEnILXH46xIp32pPCckltWrmFKI/view?usp=sharing,1,NA,Yes,NA,NA,2,2,2,Abundance (density) - continous gradient,Human observation,Amphibians,Asia and Oceania,Philippines,Unlogged,Wet,Pine forest,1800,20,14.056614,121.50037,2011-05-01,2011-10-01,Climate,Arboreality vs elevation,NA
1,Silva_2020a,2020,NA,"Silva, I., Rocha, R., López-Baucells, A., Farneda, F. Z., & Meyer, C. F. (2020). Effects of forest fragmentation on the vertical stratification of neotropical bats. Diversity, 12(2), 67.",10.3390/d12020067,https://drive.google.com/file/d/1_16XrTo9TyOtDtTCvtzd6KvmTSDbtopQ/view?usp=sharing,NA,"2 - test statistics can be pulled from figures, abundance needs weighting by effort",Yes,42,1308,2,3,4,"Richness, abundance - 2 or 4 categories of height",Mist nets,Bats,Americas,Brazil,Unlogged,Dry,Lowland rainforest,100,35,-2.4,-59,2011-08-01,2014-11-01,Diversity and abundance of food resources,"GLM of forest variables, guild and species specific data, fragmentation effects",Very close location to Bernard 2001 - data is strangely split but certainly useful
2,Silva_2020a,2020,NA,"Silva, I., Rocha, R., López-Baucells, A., Farneda, F. Z., & Meyer, C. F. (2020). Effects of forest fragmentation on the vertical stratification of neotropical bats. Diversity, 12(2), 67.",10.3390/d12020067,https://drive.google.com/file/d/1_16XrTo9TyOtDtTCvtzd6KvmTSDbtopQ/view?usp=sharing,NA,"2 - test statistics can be pulled from figures, abundance needs weighting by effort",Yes,40,1769,2,3,4,"Richness, abundance - 2 or 4 categories of height",Mist nets,Bats,Americas,Brazil,100 ha fragments,Dry,Lowland rainforest,100,35,-2.4,-59,2011-08-01,2014-11-01,Diversity and abundance of food resources,"GLM of forest variables, guild and species specific data, fragmentation effects",Very close location to Bernard 2001 - data is strangely split but certainly useful
3,Silva_2020a,2020,NA,"Silva, I., Rocha, R., López-Baucells, A., Farneda, F. Z., & Meyer, C. F. (2020). Effects of forest fragmentation on the vertical stratification of neotropical bats. Diversity, 12(2), 67.",10.3390/d12020067,https://drive.google.com/file/d/1_16XrTo9TyOtDtTCvtzd6KvmTSDbtopQ/view?usp=sharing,NA,"2 - test statistics can be pulled from figures, abundance needs weighting by effort",Yes,40,1769,2,3,4,"Richness, abundance - 2 or 4 categories of height",Mist nets,Bats,Americas,Brazil,10 ha fragments,Dry,Lowland rainforest,100,35,-2.4,-59,2011-08-01,2014-11-01,Diversity and abundance of food resources,"GLM of forest variables, guild and species specific data, fragmentation effects",Very close location to Bernard 2001 - data is strangely split but certainly useful
4,Silva_2020a,2020,NA,"Silva, I., Rocha, R., López-Baucells, A., Farneda, F. Z., & Meyer, C. F. (2020). Effects of forest fragmentation on the vertical stratification of neotropical bats. Diversity, 12(2), 67.",10.3390/d12020067,https://drive.google.com/file/d/1_16XrTo9TyOtDtTCvtzd6KvmTSDbtopQ/view?usp=sharing,NA,"2 - test statistics can be pulled from figures, abundance needs weighting by effort",Yes,40,1769,2,3,4,"Richness, abundance - 2 or 4 categories of height",Mist nets,Bats,Americas,Brazil,1 ha fragments,Dry,Lowland rainforest,100,35,-2.4,-59,2011-08-01,2014-11-01,Diversity and abundance of food resources,"GLM of forest variables, guild and species specific data, fragmentation effects",Very close location to Bernard 2001 - data is strangely split but certainly useful
1,Silva_2020b,2020,1,"Silva, R. C., Silveira, M., & Verde, R. S. (2020). Vertical stratification of phyllostomid bats assemblage (Chiroptera, Phyllostomidae) in a forest fragment in Brazilian Southwestern Amazon. Neotropical Biology and Conservation, 15, 107.",10.3897/neotropical.15.e47641,https://drive.google.com/file/d/1MXIrVTj5mu576vdJf1XPQTVRPof0uzE7/view?usp=sharing,2,NA,Yes,25,197,3,3,3,"Richness (not estimated), Abundance (needs conversion by effort) - 2 categories of height",Mist nets,Bats,Americas,Brazil,Fragment,Sampling combined across the year,Lowland rainforest,200,30,-10.081389,-67.621944,2014-05-01,2015-01-15,"Food, microhabitats, forest structure","Feeding guilds, composition analysis",NA
1,Simmons_1998,1998,NA,"Simmons, N. B., & Voss, R. S. (1998). The mammals of Paracou, French Guiana, a Neotropical lowland rainforest fauna. Part 1, Bats. Bulletin of the AMNH; no. 237.",NA,https://drive.google.com/file/d/1o3iwEKQK4bgeHlJuVa_beVgBqWKpKsLY/view?usp=sharing,NA,NA,No,NA,NA,NA,NA,NA,"Richness (Figures 69/70 - Table 74 for estimated), Abundance (Table 70) - 2 categories of height",Mist nets,Bats,SA,French Guiana,Unlogged,Sampling combined across the year,Lowland rainforest (swamp forest),25,35,5.275278,-52.923611,1991,1994,"Food, forest structure","Many forest variables, detailed species and guild specific data",They used a huge different amount of methods as an inventory method - not meaning for them to be compared to other methods in other sites - possible we might want to not use abundance here
1,Stiles_1978,1978,NA,"Stiles, E. W. (1978). Avian communities in temperate and tropical alder forests. The Condor, 80(3), 276-284.",NA,https://drive.google.com/file/d/1nJNO5j1rb53tClWVMYFrBpqjGzxvM2E8/view?usp=sharing,3,3 - height is currently in a strange index,No,NA,NA,NA,NA,NA,Richness - continuous gradient,Human observation,Birds,NA,USA,Old regrowth,Breeding season,Alder forest,155,30,47.85,-122.116667,1970-05-01,1971-08-01,Food,"Foliage density, forest characteristics",NA
2,Stiles_1978,1978,NA,"Stiles, E. W. (1978). Avian communities in temperate and tropical alder forests. The Condor, 80(3), 276-284.",NA,https://drive.google.com/file/d/1nJNO5j1rb53tClWVMYFrBpqjGzxvM2E8/view?usp=sharing,3,3 - height is currently in a strange index,No,NA,NA,NA,NA,NA,Richness - continuous gradient,Human observation,Birds,NA,Costa Rica,Old regrowth,Breeding season,Montane Alder forest,2575,30,9.5,-83.666667,1972-06-01,1972-07-30,Food,"Foliage density, forest characteristics",NA
1,Thomas_1980,1980,NA,"Thomas, D. G. (1980). The bird community of Tasmanian temperate rainforest. Ibis, 122(3), 298-306.",NA,https://drive.google.com/file/d/1pqHdvTtsJklP0eE_k9zztXQBo6-ztGcw/view?usp=sharing,2,2 - abundance needs some calculation,No,NA,NA,NA,NA,NA,"Richness, abundance - 3 categories of height",Human observation,Birds,NA,Tasmania,Unlogged,Unknown,Temperate rainforest,250,40,-42.777182,145.809687,1979 (estimated),1979 (estimated),Food (guild separation),Commoness and rarity,NA
1,Vieira_2003,2003,1,"Vieira, E. M., & Monteiro-Filho, E. L. (2003). Vertical stratification of small mammals in the Atlantic rain forest of south-eastern Brazil. Journal of Tropical Ecology, 19(05), 501-507.",10.1017/S0266467403003559,https://drive.google.com/file/d/1nZ1BDX4-_TPsgvnNtM1PKExn7Ek2AakF/view?usp=sharing,2,2 - data needs combining/calculating with effort,Yes,11,338,3,5,4,"Richness, abundance - 3 categories of height",Traps,Small mammals,Americas,Brazil,Unlogged,Sampling combined across the year,Atlantic rainforest,200,25,-24.233333,-48.066667,1995-09-01,1997-08-01,"Food, resource partitioning",Species and guild specific data,Saibadela
2,Vieira_2003,2003,1,"Vieira, E. M., & Monteiro-Filho, E. L. (2003). Vertical stratification of small mammals in the Atlantic rain forest of south-eastern Brazil. Journal of Tropical Ecology, 19(05), 501-507.",10.1017/S0266467403003559,https://drive.google.com/file/d/1nZ1BDX4-_TPsgvnNtM1PKExn7Ek2AakF/view?usp=sharing,2,2 - data needs combining/calculating with effort,Yes,12,129,3,3,4,"Richness, abundance - 3 categories of height",Traps,Small mammals,Americas,Brazil,Unlogged,Sampling combined across the year,Atlantic rainforest,900,25,-24.283333,-47.35,1995-09-01,1997-08-01,"Food, resource partitioning",Species and guild specific data,Barra Grande
1,Voss_2001,2001,1,"Voss, R. S., Lunde, D. P., & Simmons, N. B. (2001). The mammals of Paracou, French Guiana: a neotropical lowland rainforest fauna part 2. Nonvolant species. Bulletin of the American Museum of Natural History, 2001(263), 3-236.",NA,https://drive.google.com/file/d/17N45C4Mis_U92J9-Emrw-nILm89mqs9O/view?usp=sharing,1,NA,Yes,18,143,3,3,4,Richness (figures 84-87) -2 categories of height,Traps,Small mammals,Americas,French Guiana,Unlogged (with some degraded forest),Sampling combined across the year,Lowland rainforest,25,35,5.275278,-52.923611,1991,1992,"Food, forest structure","Much data on methods, habitat data, seasonality, species specific data",NA
1,Walther_2002,2002,1,"Walther, B. A. (2002). Vertical stratification and use of vegetation and light habitats by Neotropical forest birds. Journal für Ornithologie, 143(1), 64-81.",10.1046/j.1439-0361.2002.01007.x,https://drive.google.com/file/d/1rf1vp-vjdyjZFcgDzn9-iKVNN7PCnB1A/view?usp=sharing,2.5,2.5 - data is included as species specific ranges,Yes,92,1518,2,4,4,Richness - continuous gradient (Table 2),Human observation,Birds,Americas,Venezuela,Unlogged,Sampling combined across the year,Lowland rainforest,110,33,3.166667,-65.666667,1998-05-01,1999-04-01,"Niche partitioning, food, resources, light","Vegetation structures, light density","Although most observations were made within and above the canopy because of the better view, the midstorey was also regularly observed at various points within the plot wherever the forest structure allowed the cabin to be lowered into the midstorey. BIASED to the canopy......"
1,Warner_2002,2002,1,"Warner, M. D. (2002). Assessing habitat utilization by Neotropical primates: a new approach. Primates, 43(1), 59-71.",10.1007/BF02629577,https://drive.google.com/file/d/1I5MZq-UtVcHjevjhp-_1s80cFqj089KX/view?usp=sharing,1,1,Yes,6,147,2,3,2,"Abundance (convert using Table 6 % and n reported in text), Richness - 6 categories of height (not including emergent)",Human observation,Primates,Americas,Peru,Unlogged,Dry,Lowland rainforest,200,35,-12.833333,-69.416667,1998-07-01,1998-09-29,"Food, forest structure","Forest habitat variables, species data",NA
1,Wells_2004,2004,1,"Wells, K., Pfeiffer, M., Lakim, M. B., & Linsenmair, K. E. (2004). Use of arboreal and terrestrial space by a small mammal community in a tropical rain forest in Borneo, Malaysia. Journal of Biogeography, 31(4), 641-652.",NA,https://drive.google.com/file/d/1KKjpB2ODEY7YKlLaQC0GuwX1panuis--/view?usp=sharing,1,1,Yes,20,131,2,5,4,"Richness, abundance - 2 categories of height",Traps,Small mammals,Asia and Oceania,Malaysia,Unlogged,Dry,Rainforest,850,30,6.122515,116.520789,2001-03-01,2001-09-01,"Food, forest structure",Habitat/microhabitat variables,NA
1,Woodman_1995,1995,NA,"Woodman, N., Slade, N. A., Timm, R. M., & Schmidt, C. A. (1995). Mammalian community structure in lowland, tropical Peru, as determined by removal trapping. Zoological journal of the Linnean Society, 113(1), 1-20.",10.1016/S0024-4082(05)80002-0,https://drive.google.com/file/d/1zhiTT-V36nrZ9WnYG8aN28lluX7U8kOo/view?usp=sharing,NA,1,Yes,21,505,4,4,4,Richness (Table Abundance (chi squared) - 2 categories of height,Traps,Small mammals,Americas,Peru,Unlogged,Sampling combined across the year,Lowland rainforest,200,35,-12.55,-69.05,1989-06-01,1990-02-01,"Food, forest structure","Trapping methods, species specific data","""Above ground' - traps only placed at ground and about 2m up!"
1,Frith_1984,1984,1,"Frith, D. W. (1984). Foraging ecology of birds in an upland tropical rainforest in north Queensland. Wildlife Research, 11(2), 325-347.",NA,https://drive.google.com/file/d/1VrboWaJMW5c0oauO7ynuYICzsfaZodOR/view?usp=sharing,1,1,Yes,23,NA,2,5,4,"Richness, abundance - 6 categories of height",Human observation,Birds,Asia and Oceania,Australia,Unlogged,Sampling combined across the year,Upland rainforest,800,35,-19,146.166667,1978-08-01,1979-04-30,"Food, foraging strategy","Seasonal, daily, hourly trends, guild and species specific data included",Only uses common resident species
1,Thivyanathan_2016,2016,1,"Thivyanathan, N. (2016). Foraging patterns of birds in resource partitioning in tropical mixed dry deciduous forest, India. Journal of Energy and Natural Resources, 5(2), 16-29.",NA,https://drive.google.com/file/d/1rjotJwpKx66XVogRxPWFy_7zN_dInAm_/view?usp=sharing,1,1,Yes,36,3982,2,3,5,"Richness, abundance - 13 categories of height",Human observation,Birds,Asia and Oceania,India,Unlogged,Sampling combined across the year,Dry deciduous Forest,800,11,11.333333,76.716667,1999-05-01,2002-05-25,"Food, foraging strategy, microhabitat availability",Seasonal/guild/species specific data,NA
1,McEnnerney_2008,2008,1,"McEnnerney, M. (2008) Communities’ Diversity and Abundance: The Vertical Stratification of Bats (Chiroptera) in the Peruvian Amazon. PhD Dissertation",NA,https://drive.google.com/file/d/1bgkGZ4oOJ5XsH7W_39FMo-GX7TMpvqXG/view?usp=sharing,1,1,Yes,28,71,4,1,1,"Richness, abundance - 2 categories of height",Mist nets,Bats,Americas,Peru,Unlogged,Unknown,Lowland rainforest,100,35,-4.451389,-71.7525,2007-05-25,2007-06-13,"Structure, food avilability",Guild/species specific data - 3 forest types,NA
1,Clarke_2005,2005,1,"Clarke, F. M., Rostant, L. V., & Racey, P. A. (2005). Life after logging: post‐logging recovery of a neotropical bat community. Journal of Applied Ecology, 42(2), 409-420.",10.1111/j.1365-2664.2005.01024.x,https://drive.google.com/file/d/1ahU6Kiq3L0H8l7ufzRYtmOrN_sLMi8z0/view?usp=sharing,1,1,Yes,29,413,4,2,5,Abundance - 2 categories of height,Mist nets,Bats,Americas,Trinidad,Unlogged,Sampling combined across the year,Tropical moist seasonal forest,100,28,10.166667,-61.166667,2000,2002,"Food, foraging strategy",Guilds/species specific/logging impacts data,HAS LOGGING DATA
1,Whitworth_2019,2019,1,"Whitworth, A., Beirne, C., Pillco Huarcaya, R., Whittaker, L., Serrano Rojas, S. J., Tobler, M. W., & MacLeod, R. (2019). Human disturbance impacts on rainforest mammals are most notable in the canopy, especially for larger‐bodied species. Diversity and Distributions, 25(7), 1166-1178.",https://doi.org/10.1111/ddi.12930,https://drive.google.com/file/d/1q4rxavsSXS6Fn8WX9NJPeaiVTRxWY1IX/view?usp=sharing,2,2,Yes,46,NA,5,4,3,Richness,Camera trapping,All mammals,Americas,Peru,Unlogged,Sampling combined across the year,Lowland rainforest,200,35,-12.32531,-70.985591,2015,2016,Not given,Doesan't break down into specific mammal categories,NA
1,Hodgkison_2004,2004,1,"Hodgkison, R., Balding, S. T., Zubaid, A., & Kunz, T. H. (2004). Habitat structure, wing morphology, and the vertical stratification of Malaysian fruit bats (Megachiroptera: Pteropodidae). Journal of Tropical Ecology, 667-673.",DOI: 10.101 7/S02 6646 740400173 7 P,https://drive.google.com/file/d/1sWMFFCtxhVSYvwKat1TEWzp_rZAF855w/view?usp=sharing,2,2,Yes,8,356,3,3,5,Abundance,Mist nets,Bats,Asia and Oceania,Malaysia,Unlogged,Sampling combined across the year,Lowland rainforest,100,35,3.716667,102.283333,1997-05-01,1999-10-15,Forest structure (foliage density),Wing loading and morphology,Fruit bats
1,Rex_2011,2011,0.5,"Rex, K., Michener, R., Kunz, T. H., & Voigt, C. C. (2011). Vertical stratification of Neotropical leaf-nosed bats (Chiroptera: Phyllostomidae) revealed by stable carbon isotopes. Journal of Tropical Ecology, 211-222.",doi:10.1017/S0266467411000022,https://drive.google.com/file/d/1Ol2__6OU8p_1dHnO4pc2NqvuAWdUu5Xc/view?usp=sharing,2,2,Yes,18,NA,2,3,2,Richness,Stable Isotopes,Bats,Americas,Costa Rica,Unlogged,Wet,Lowland rainforest,100,35,10.42134,-84.019396,2004-09-01,2004-11-20,"Food resources, forest structure",oxygen isotope analysis,Guild specific - phyllostomidae
2,Rex_2011,2011,0.5,"Rex, K., Michener, R., Kunz, T. H., & Voigt, C. C. (2011). Vertical stratification of Neotropical leaf-nosed bats (Chiroptera: Phyllostomidae) revealed by stable carbon isotopes. Journal of Tropical Ecology, 211-222.",doi:10.1017/S0266467411000022,https://drive.google.com/file/d/1Ol2__6OU8p_1dHnO4pc2NqvuAWdUu5Xc/view?usp=sharing,2,2,Yes,19,NA,2,3,2,Richness,Stable Isotopes,Bats,Americas,Costa Rica,Unlogged,Dry,Lowland rainforest,100,35,10.42134,-84.019396,2005-03-01,2005-05-20,"Food resources, forest structure",oxygen isotope analysis,Guild specific - phyllostomidae
3,Rex_2011,2011,0.5,"Rex, K., Michener, R., Kunz, T. H., & Voigt, C. C. (2011). Vertical stratification of Neotropical leaf-nosed bats (Chiroptera: Phyllostomidae) revealed by stable carbon isotopes. Journal of Tropical Ecology, 211-222.",doi:10.1017/S0266467411000022,https://drive.google.com/file/d/1Ol2__6OU8p_1dHnO4pc2NqvuAWdUu5Xc/view?usp=sharing,2,2,Yes,20,NA,2,3,2,Richness,Stable Isotopes,Bats,Americas,Ecuador,Unlogged,Wet,Lowland rainforest,200,35,-0.643142,-76.153164,2004-09-01,2004-11-20,"Food resources, forest structure",oxygen isotope analysis,Guild specific - phyllostomidae
4,Rex_2011,2011,0.5,"Rex, K., Michener, R., Kunz, T. H., & Voigt, C. C. (2011). Vertical stratification of Neotropical leaf-nosed bats (Chiroptera: Phyllostomidae) revealed by stable carbon isotopes. Journal of Tropical Ecology, 211-222.",doi:10.1017/S0266467411000022,https://drive.google.com/file/d/1Ol2__6OU8p_1dHnO4pc2NqvuAWdUu5Xc/view?usp=sharing,2,2,Yes,30,NA,2,3,2,Richness,Stable Isotopes,Bats,Americas,Ecuador,Unlogged,Dry,Lowland rainforest,200,35,-0.643142,-76.153164,2005-03-01,2005-05-20,"Food resources, forest structure",oxygen isotope analysis,Guild specific - phyllostomidae
1,Prevedello_2008,2008,1,"Prevedello, J. A., Ferreira, P., Papi, B. S., Loretto, D., & Vieira, M. V. (2008). Uso do espaço vertical por pequenos mamíferos no Parque Nacional Serra dos Órgãos, RJ: um estudo de 10 anos utilizando três métodos de amostragem. Revista Espaço e Geografia, 11(1).",NA,https://drive.google.com/file/d/1xVCijNh36VDXiqjQYiKmelcXDgdgJjlh/view?usp=sharing,1,1,Yes,15,2759,5,3,5,Abundance,Traps,Small mammals,Americas,Brazil,Unlogged,Sampling combined across the year,Atlantic rainforest,650,30,-22.466667,-42.983333,1997-04-01,2007-08-01,"Forest structure, nesting habitats",Useful discussion on sampling methods - the underestimation of understorey use,"3 sites at 522, 650, and 750 m elevation"
1,Passamani_1995,1995,1,"Passamani, M. (1995). Vertical stratification of small mammals in Atlantic Hill forest. Mammalia (Paris), 59(2), 276-279.",NA,https://drive.google.com/file/d/1CL7YfuesC24EiuTOryPs9GuzdjAcqNnd/view?usp=sharing,2,2,Yes,9,55,2,1,4,Richness,Traps,Small mammals,Americas,Brazil,Unlogged,Sampling combined across the year,Atlantic rainforest,775,20,-19.833333,-40.366667,1991-01-01,1991-09-15,"Forest strucutre (for movement), food resources",NA,NA
1,Francis_1994,1994,1,"Francis, C. M. (1994). Vertical stratification of fruit bats (Pteropodidae) in lowland dipterocarp rainforest in Malaysia. Journal of Tropical Ecology, 523-530.",NA,https://drive.google.com/file/d/167SA1QvMY9njS7SlcuhpSwYC1CJubP1d/view?usp=sharing,1,1,Yes,11,221,4,2,1,Abundance,Mist nets,Bats,Asia and Oceania,Malaysia,Unlogged,Unknown,Lowland rainforest,100,30,3.716667,102.166667,1992-07-12,1992-09-01,"Forest structure (clutter), food resources",NA,NA
1,Cademartori_2008,2008,1,"Cademartori, C. V., Marques, R. V., & Pacheco, S. M. (2008). Estratificação vertical no uso do espaço por pequenos mamíferos (Rodentia, Sigmodontinae) em área de Floresta Ombrófila Mista, RS, Brasil. Revista Brasileira de Zoociências, 10(3).",NA,https://drive.google.com/file/d/1lkWFP8ROUxRL2KzuqqfvJw8HEFg5VCJL/view?usp=sharing,2,2- trapping success,Yes,NA,121,2,3,3,Abundance,Traps,Small mammals,Americas,Brazil,Unlogged,Sampling combined across the year,Mixed ombrophilous forest,930,20,-29.383333,-50.383333,2004-08-01,2005-07-01,Not given,NA,NA
1,Paste_2018,2018,NA,"Paste, R & Voltolini, J. C. (2018). Estratificação vertical de marsupiais e roedores em Floresta Atlântica, Parque Estadual da Serra do Mar. Revista Biociências, 24(2).",NA,https://drive.google.com/file/d/1KFeRFwQJRkKCuCy1Tl4rw0coHvevSdBK/view?usp=sharing,1,1,Yes,9,102,2,3,4,"Abundance, Richness - 3 categories of height",Traps,Small mammals,Americas,Brazil,"Secondary forest (young, medium)",Sampling combined across the year,Montana Rainforest,850,20,-23.4,-45.05,2002-01-01,2003-07-01,NA,NA,NA
1,Terborgh_1980,1980,1,"Terborgh, J. (1980). Vertical stratification of a Neotropical forest bird community. Acta XVII Congr. Int. Orn. Berlin, 1978, 1005-1012.",NA,https://drive.google.com/file/d/1DxeHoWLVI1to05493YU08MBGtF5dp4Dv/view?usp=sharing,2,2 - data needs stripping from figure,Yes,156,NA,2,3,5,Richness - continuous,Human observation,Birds,Americas,Peru,Unlogged,Sampling combined across the year,Submontane moist forest,700,40,-12.329706,-73.947202,1968,1972,NA,NA,NA
1,Heymann_2002,2002,1,"Heymann, E. W. (2002). Primates of the Rio Curaray, northern peruvian Amazon. International Journal of Primatology, 23(1), 191-201.",NA,https://drive.google.com/file/d/1etEbhy83EK-qng2Ga5Y0ylJ1ZJWPHfPe/view?usp=sharing,2,2- needs calculating using interval code,Yes,11,109,4,3,1,Richness and abundance - continuous,Human observation,Primates,Americas,Peru,Unlogged,Unknown,Lowland rainforest,100,24,-2.220302,-74.518586,1999-09-17,1999-10-05,NA,NA,NA
1,Karr_1976,1976,1,"Karr, J. R. (1976). Within‐and between‐habitat avian diversity in African and Neotropical lowland habitats. Ecological Monographs, 46(4), 457-481.",NA,https://drive.google.com/file/d/1EJ4oqu-tmBcMayozLxKIpX_NoKYSJpyw/view?usp=sharing,1,1,Yes,49,NA,2,2,3,Richness - 4 categories of height,Human observation,Birds,Africa,Liberia,Old regrowth,Unknown,Lowland rainforest,475,30,7.484444,-8.570278,1971-08-01,1971-10-15,NA,NA,NA
1,Gonzalez_2020,2020,1,"Gonzalez, J. C. T., de Guia, A. P. O., Dimalibot, J. C., Pantua, K. V., Gustilo, W. O., & Bantayan, N. C. (2020). Understorey to canopy vertebrate fauna of a lowland evergreen forest in Mt. Makiling Forest Reserve, Philippines. Biodiversity Data Journal, 8.",https://doi.org/10.3897/BDJ.8.e56999,https://drive.google.com/file/d/1i0EX9H7lwyS_4-nr9qxePzU-UUL0eHyD/view?usp=sharing,1,1,Yes,25,NA,2,1,1,Richness - 3 categories of height,Human observation,Amphibians,Asia and Oceania,Philippines,Old regrowth,Sampling combined across the year,Lowland evergreen rainforest,350,20,14.137222,121.1925,2016--06-01,2018-03-15,NA,NA,They sampled the different strata in different years and in different months.. not exactly good practice
2,Gonzalez_2020,2020,1,"Gonzalez, J. C. T., de Guia, A. P. O., Dimalibot, J. C., Pantua, K. V., Gustilo, W. O., & Bantayan, N. C. (2020). Understorey to canopy vertebrate fauna of a lowland evergreen forest in Mt. Makiling Forest Reserve, Philippines. Biodiversity Data Journal, 8.",https://doi.org/10.3897/BDJ.8.e56999,https://drive.google.com/file/d/1i0EX9H7lwyS_4-nr9qxePzU-UUL0eHyD/view?usp=sharing,1,1,Yes,11,NA,2,1,1,Richness - 3 categories of height,Human observation,Reptiles,Asia and Oceania,Philippines,Old regrowth,Sampling combined across the year,Lowland evergreen rainforest,350,20,14.137222,121.1925,2016--06-01,2018-03-15,NA,NA,NA
1,Zubaid_1994,1994,1,"Zubaid, A. (1994). Vertical stratification of pteropodid bats in a Malaysian lowland rainforest. Mammalia (Paris), 58(2), 309-311.",NA,https://drive.google.com/file/d/1s7k-d5Ijw2vbF1knJCi5T7vkLS57t8mm/view?usp=sharing,1,1,Yes,6,90,2,2,2,Abundance,Mist nets,Bats,Asia and Oceania,Malaysia,Old regrowth,Unknown,Lowland dipterocarp rainforest,100,20,2.916667,101.75,1993-04-01,1993-06-15,NA,NA,NA
1,Ingle_1993,1993,1,"Ingle, N. R. (1993). Vertical stratification of bats in a Philippine rainforest. Asian International Journal of Life Sciences.",NA,https://drive.google.com/file/d/1xe0K5fxPlzDsxymuAJgxeWaHYcntxLDL/view?usp=sharing,1,1,Yes,19,1325,2,3,3,Abundance,Mist nets,Bats,Asia and Oceania,Philippines,Old regrowth,Sampling combined across the year,Lowland dipterocarp rainforest,350,25,14.15,121.216667,1989-01-01,1989-08-15,NA,NA,NA
1,Terborgh_1974,1974,1,"Terborgh, J., & Janson, C. H. (1974). Ecology of primates in southeastern Peru. Nat Geogr Soc Res Rep, 15, 655-662.",NA,https://babel.hathitrust.org/cgi/pt?id=mdp.39015025032494&view=1up&seq=675,1,1,Yes,12,NA,2,2,4,Richness,Human observation,Primates,Americas,Peru,Unlogged,Sampling combined across the year,Lowland rainforest,300,40,-11.889341,-71.41061,1973,1973,NA,NA,NA
1,Gokula_2007,2007,1,"Gokula, V., & Vijayan, L. (2007). Foraging strategies of birds in partitioning of food resources in dry deciduous forest of Mudumalai Wildlife Sanctuary, Tamil Nadu, India. Journal of Scientific Transaction in Environment and Technovation, 1(1), 36-42.",NA,https://drive.google.com/file/d/1vBws9vgI-xZEAX0X3OAI5aS-TLJKYNz-/view,2,2- needs taking from a table,Yes,30,1176,2,1,1,"Richness, abundance - 13 categories of height",Human observation,Birds,Asia and Oceania,India,Unlogged,Dry season,Dry deciduous Forest,1000,11,11.583333,76.583333,2006,2006,NA,NA,NA
NA,NA,NA,NA,NA,NA,NA,NA,NA,NA,NA,NA,NA,NA,NA,NA,NA,NA,NA,NA,NA,NA,NA,NA,NA,NA,NA,NA,NA,NA,NA,NA
NA,NA,NA,NA,NA,NA,NA,NA,NA,NA,NA,NA,NA,NA,NA,NA,NA,NA,NA,NA,NA,NA,NA,NA,NA,NA,NA,NA,NA,NA,NA,NA
NA,NA,NA,NA,APA style,NA,NA,1 to 3,"explanation why the study was ranked, if needed",yes or no,"how many species were observed in the study, at ALL strata combined","how many organisms were observed in the study, at ALL strata combined",NA,NA,NA,NA,how was abundance/richness measured in the field?,NA,NA,NA,NA,NA,NA,NA,NA,NA,NA,start date of the study's data collection,end date of the study's data collection,NA,NA,NA
